date,region,category,units_sold
2023-01-01,Riyadh,Grocery,728.0
2023-01-02,Riyadh,Grocery,535.0
2023-01-03,Riyadh,Grocery,514.0
2023-01-04,Riyadh,Grocery,555.0
2023-01-05,Riyadh,Grocery,561.0
2023-01-06,Riyadh,Grocery,648.0
2023-01-07,Riyadh,Grocery,713.0
2023-01-08,Riyadh,Grocery,755.0
2023-01-09,Riyadh,Grocery,518.0
2023-01-10,Riyadh,Grocery,534.0
2023-01-11,Riyadh,Grocery,509.0
2023-01-12,Riyadh,Grocery,558.0
2023-01-13,Riyadh,Grocery,628.0
2023-01-14,Riyadh,Grocery,786.0
2023-01-15,Riyadh,Grocery,680.0
2023-01-16,Riyadh,Grocery,486.0
2023-01-17,Riyadh,Grocery,610.0
2023-01-18,Riyadh,Grocery,595.0
2023-01-19,Riyadh,Grocery,586.0
2023-01-20,Riyadh,Grocery,626.0
2023-01-21,Riyadh,Grocery,949.0
2023-01-22,Riyadh,Grocery,779.0
2023-01-23,Riyadh,Grocery,637.0
2023-01-24,Riyadh,Grocery,574.0
2023-01-25,Riyadh,Grocery,577.0
2023-01-26,Riyadh,Grocery,635.0
2023-01-27,Riyadh,Grocery,589.0
2023-01-28,Riyadh,Grocery,792.0
2023-01-29,Riyadh,Grocery,806.0
2023-01-30,Riyadh,Grocery,607.0
2023-01-31,Riyadh,Grocery,607.0
2023-02-01,Riyadh,Grocery,492.0
2023-02-02,Riyadh,Grocery,626.0
2023-02-03,Riyadh,Grocery,607.0
2023-02-04,Riyadh,Grocery,814.0
2023-02-05,Riyadh,Grocery,831.0
2023-02-06,Riyadh,Grocery,584.0
2023-02-07,Riyadh,Grocery,591.0
2023-02-08,Riyadh,Grocery,563.0
2023-02-09,Riyadh,Grocery,664.0
2023-02-10,Riyadh,Grocery,695.0
2023-02-11,Riyadh,Grocery,896.0
2023-02-12,Riyadh,Grocery,832.0
2023-02-13,Riyadh,Grocery,610.0
2023-02-14,Riyadh,Grocery,535.0
2023-02-15,Riyadh,Grocery,558.0
2023-02-16,Riyadh,Grocery,644.0
2023-02-17,Riyadh,Grocery,714.0
2023-02-18,Riyadh,Grocery,918.0
2023-02-19,Riyadh,Grocery,881.0
2023-02-20,Riyadh,Grocery,717.0
2023-02-21,Riyadh,Grocery,584.0
2023-02-22,Riyadh,Grocery,591.0
2023-02-23,Riyadh,Grocery,652.0
2023-02-24,Riyadh,Grocery,685.0
2023-02-25,Riyadh,Grocery,943.0
2023-02-26,Riyadh,Grocery,855.0
2023-02-27,Riyadh,Grocery,669.0
2023-02-28,Riyadh,Grocery,657.0
2023-03-01,Riyadh,Grocery,666.0
2023-03-02,Riyadh,Grocery,624.0
2023-03-03,Riyadh,Grocery,704.0
2023-03-04,Riyadh,Grocery,939.0
2023-03-05,Riyadh,Grocery,878.0
2023-03-06,Riyadh,Grocery,812.0
2023-03-07,Riyadh,Grocery,805.0
2023-03-08,Riyadh,Grocery,609.0
2023-03-09,Riyadh,Grocery,607.0
2023-03-10,Riyadh,Grocery,753.0
2023-03-11,Riyadh,Grocery,999.0
2023-03-12,Riyadh,Grocery,743.0
2023-03-13,Riyadh,Grocery,588.0
2023-03-14,Riyadh,Grocery,671.0
2023-03-15,Riyadh,Grocery,646.0
2023-03-16,Riyadh,Grocery,563.0
2023-03-17,Riyadh,Grocery,691.0
2023-03-18,Riyadh,Grocery,888.0
2023-03-19,Riyadh,Grocery,786.0
2023-03-20,Riyadh,Grocery,654.0
2023-03-21,Riyadh,Grocery,620.0
2023-03-22,Riyadh,Grocery,609.0
2023-03-23,Riyadh,Grocery,774.0
2023-03-24,Riyadh,Grocery,685.0
2023-03-25,Riyadh,Grocery,890.0
2023-03-26,Riyadh,Grocery,772.0
2023-03-27,Riyadh,Grocery,635.0
2023-03-28,Riyadh,Grocery,605.0
2023-03-29,Riyadh,Grocery,514.0
2023-03-30,Riyadh,Grocery,643.0
2023-03-31,Riyadh,Grocery,597.0
2023-04-01,Riyadh,Grocery,931.0
2023-04-02,Riyadh,Grocery,773.0
2023-04-03,Riyadh,Grocery,677.0
2023-04-04,Riyadh,Grocery,659.0
2023-04-05,Riyadh,Grocery,614.0
2023-04-06,Riyadh,Grocery,632.0
2023-04-07,Riyadh,Grocery,1186.0
2023-04-08,Riyadh,Grocery,1565.0
2023-04-09,Riyadh,Grocery,1524.0
2023-04-10,Riyadh,Grocery,1178.0
2023-04-11,Riyadh,Grocery,871.0
2023-04-12,Riyadh,Grocery,933.0
2023-04-13,Riyadh,Grocery,1042.0
2023-04-14,Riyadh,Grocery,1528.0
2023-04-15,Riyadh,Grocery,1848.0
2023-04-16,Riyadh,Grocery,1522.0
2023-04-17,Riyadh,Grocery,1085.0
2023-04-18,Riyadh,Grocery,1229.0
2023-04-19,Riyadh,Grocery,1010.0
2023-04-20,Riyadh,Grocery,635.0
2023-04-21,Riyadh,Grocery,615.0
2023-04-22,Riyadh,Grocery,842.0
2023-04-23,Riyadh,Grocery,780.0
2023-04-24,Riyadh,Grocery,632.0
2023-04-25,Riyadh,Grocery,617.0
2023-04-26,Riyadh,Grocery,583.0
2023-04-27,Riyadh,Grocery,559.0
2023-04-28,Riyadh,Grocery,575.0
2023-04-29,Riyadh,Grocery,856.0
2023-04-30,Riyadh,Grocery,751.0
2023-05-01,Riyadh,Grocery,587.0
2023-05-02,Riyadh,Grocery,588.0
2023-05-03,Riyadh,Grocery,542.0
2023-05-04,Riyadh,Grocery,538.0
2023-05-05,Riyadh,Grocery,672.0
2023-05-06,Riyadh,Grocery,933.0
2023-05-07,Riyadh,Grocery,746.0
2023-05-08,Riyadh,Grocery,599.0
2023-05-09,Riyadh,Grocery,572.0
2023-05-10,Riyadh,Grocery,524.0
2023-05-11,Riyadh,Grocery,559.0
2023-05-12,Riyadh,Grocery,602.0
2023-05-13,Riyadh,Grocery,779.0
2023-05-14,Riyadh,Grocery,782.0
2023-05-15,Riyadh,Grocery,606.0
2023-05-16,Riyadh,Grocery,558.0
2023-05-17,Riyadh,Grocery,563.0
2023-05-18,Riyadh,Grocery,592.0
2023-05-19,Riyadh,Grocery,655.0
2023-05-20,Riyadh,Grocery,680.0
2023-05-21,Riyadh,Grocery,759.0
2023-05-22,Riyadh,Grocery,567.0
2023-05-23,Riyadh,Grocery,546.0
2023-05-24,Riyadh,Grocery,494.0
2023-05-25,Riyadh,Grocery,603.0
2023-05-26,Riyadh,Grocery,593.0
2023-05-27,Riyadh,Grocery,768.0
2023-05-28,Riyadh,Grocery,836.0
2023-05-29,Riyadh,Grocery,533.0
2023-05-30,Riyadh,Grocery,488.0
2023-05-31,Riyadh,Grocery,508.0
2023-06-01,Riyadh,Grocery,545.0
2023-06-02,Riyadh,Grocery,604.0
2023-06-03,Riyadh,Grocery,777.0
2023-06-04,Riyadh,Grocery,706.0
2023-06-05,Riyadh,Grocery,532.0
2023-06-06,Riyadh,Grocery,519.0
2023-06-07,Riyadh,Grocery,599.0
2023-06-08,Riyadh,Grocery,522.0
2023-06-09,Riyadh,Grocery,546.0
2023-06-10,Riyadh,Grocery,778.0
2023-06-11,Riyadh,Grocery,748.0
2023-06-12,Riyadh,Grocery,523.0
2023-06-13,Riyadh,Grocery,536.0
2023-06-14,Riyadh,Grocery,540.0
2023-06-15,Riyadh,Grocery,554.0
2023-06-16,Riyadh,Grocery,608.0
2023-06-17,Riyadh,Grocery,800.0
2023-06-18,Riyadh,Grocery,710.0
2023-06-19,Riyadh,Grocery,586.0
2023-06-20,Riyadh,Grocery,496.0
2023-06-21,Riyadh,Grocery,503.0
2023-06-22,Riyadh,Grocery,500.0
2023-06-23,Riyadh,Grocery,624.0
2023-06-24,Riyadh,Grocery,837.0
2023-06-25,Riyadh,Grocery,771.0
2023-06-26,Riyadh,Grocery,524.0
2023-06-27,Riyadh,Grocery,565.0
2023-06-28,Riyadh,Grocery,528.0
2023-06-29,Riyadh,Grocery,488.0
2023-06-30,Riyadh,Grocery,582.0
2023-07-01,Riyadh,Grocery,768.0
2023-07-02,Riyadh,Grocery,661.0
2023-07-03,Riyadh,Grocery,524.0
2023-07-04,Riyadh,Grocery,483.0
2023-07-05,Riyadh,Grocery,517.0
2023-07-06,Riyadh,Grocery,528.0
2023-07-07,Riyadh,Grocery,565.0
2023-07-08,Riyadh,Grocery,755.0
2023-07-09,Riyadh,Grocery,700.0
2023-07-10,Riyadh,Grocery,538.0
2023-07-11,Riyadh,Grocery,527.0
2023-07-12,Riyadh,Grocery,476.0
2023-07-13,Riyadh,Grocery,495.0
2023-07-14,Riyadh,Grocery,619.0
2023-07-15,Riyadh,Grocery,780.0
2023-07-16,Riyadh,Grocery,704.0
2023-07-17,Riyadh,Grocery,489.0
2023-07-18,Riyadh,Grocery,485.0
2023-07-19,Riyadh,Grocery,549.0
2023-07-20,Riyadh,Grocery,544.0
2023-07-21,Riyadh,Grocery,591.0
2023-07-22,Riyadh,Grocery,821.0
2023-07-23,Riyadh,Grocery,689.0
2023-07-24,Riyadh,Grocery,516.0
2023-07-25,Riyadh,Grocery,515.0
2023-07-26,Riyadh,Grocery,481.0
2023-07-27,Riyadh,Grocery,560.0
2023-07-28,Riyadh,Grocery,622.0
2023-07-29,Riyadh,Grocery,703.0
2023-07-30,Riyadh,Grocery,670.0
2023-07-31,Riyadh,Grocery,515.0
2023-08-01,Riyadh,Grocery,516.0
2023-08-02,Riyadh,Grocery,455.0
2023-08-03,Riyadh,Grocery,522.0
2023-08-04,Riyadh,Grocery,593.0
2023-08-05,Riyadh,Grocery,719.0
2023-08-06,Riyadh,Grocery,720.0
2023-08-07,Riyadh,Grocery,495.0
2023-08-08,Riyadh,Grocery,511.0
2023-08-09,Riyadh,Grocery,530.0
2023-08-10,Riyadh,Grocery,499.0
2023-08-11,Riyadh,Grocery,530.0
2023-08-12,Riyadh,Grocery,726.0
2023-08-13,Riyadh,Grocery,652.0
2023-08-14,Riyadh,Grocery,531.0
2023-08-15,Riyadh,Grocery,508.0
2023-08-16,Riyadh,Grocery,512.0
2023-08-17,Riyadh,Grocery,519.0
2023-08-18,Riyadh,Grocery,488.0
2023-08-19,Riyadh,Grocery,735.0
2023-08-20,Riyadh,Grocery,637.0
2023-08-21,Riyadh,Grocery,526.0
2023-08-22,Riyadh,Grocery,476.0
2023-08-23,Riyadh,Grocery,503.0
2023-08-24,Riyadh,Grocery,540.0
2023-08-25,Riyadh,Grocery,524.0
2023-08-26,Riyadh,Grocery,652.0
2023-08-27,Riyadh,Grocery,597.0
2023-08-28,Riyadh,Grocery,492.0
2023-08-29,Riyadh,Grocery,449.0
2023-08-30,Riyadh,Grocery,509.0
2023-08-31,Riyadh,Grocery,495.0
2023-09-01,Riyadh,Grocery,533.0
2023-09-02,Riyadh,Grocery,642.0
2023-09-03,Riyadh,Grocery,645.0
2023-09-04,Riyadh,Grocery,523.0
2023-09-05,Riyadh,Grocery,536.0
2023-09-06,Riyadh,Grocery,552.0
2023-09-07,Riyadh,Grocery,540.0
2023-09-08,Riyadh,Grocery,548.0
2023-09-09,Riyadh,Grocery,687.0
2023-09-10,Riyadh,Grocery,685.0
2023-09-11,Riyadh,Grocery,495.0
2023-09-12,Riyadh,Grocery,486.0
2023-09-13,Riyadh,Grocery,457.0
2023-09-14,Riyadh,Grocery,539.0
2023-09-15,Riyadh,Grocery,535.0
2023-09-16,Riyadh,Grocery,752.0
2023-09-17,Riyadh,Grocery,683.0
2023-09-18,Riyadh,Grocery,472.0
2023-09-19,Riyadh,Grocery,428.0
2023-09-20,Riyadh,Grocery,493.0
2023-09-21,Riyadh,Grocery,476.0
2023-09-22,Riyadh,Grocery,508.0
2023-09-23,Riyadh,Grocery,636.0
2023-09-24,Riyadh,Grocery,648.0
2023-09-25,Riyadh,Grocery,473.0
2023-09-26,Riyadh,Grocery,434.0
2023-09-27,Riyadh,Grocery,628.0
2023-09-28,Riyadh,Grocery,708.0
2023-09-29,Riyadh,Grocery,463.0
2023-09-30,Riyadh,Grocery,642.0
2023-10-01,Riyadh,Grocery,659.0
2023-10-02,Riyadh,Grocery,459.0
2023-10-03,Riyadh,Grocery,421.0
2023-10-04,Riyadh,Grocery,442.0
2023-10-05,Riyadh,Grocery,445.0
2023-10-06,Riyadh,Grocery,468.0
2023-10-07,Riyadh,Grocery,590.0
2023-10-08,Riyadh,Grocery,562.0
2023-10-09,Riyadh,Grocery,427.0
2023-10-10,Riyadh,Grocery,449.0
2023-10-11,Riyadh,Grocery,410.0
2023-10-12,Riyadh,Grocery,424.0
2023-10-13,Riyadh,Grocery,529.0
2023-10-14,Riyadh,Grocery,652.0
2023-10-15,Riyadh,Grocery,527.0
2023-10-16,Riyadh,Grocery,437.0
2023-10-17,Riyadh,Grocery,417.0
2023-10-18,Riyadh,Grocery,404.0
2023-10-19,Riyadh,Grocery,407.0
2023-10-20,Riyadh,Grocery,474.0
2023-10-21,Riyadh,Grocery,972.0
2023-10-22,Riyadh,Grocery,945.0
2023-10-23,Riyadh,Grocery,648.0
2023-10-24,Riyadh,Grocery,705.0
2023-10-25,Riyadh,Grocery,404.0
2023-10-26,Riyadh,Grocery,406.0
2023-10-27,Riyadh,Grocery,502.0
2023-10-28,Riyadh,Grocery,686.0
2023-10-29,Riyadh,Grocery,543.0
2023-10-30,Riyadh,Grocery,427.0
2023-10-31,Riyadh,Grocery,442.0
2023-11-01,Riyadh,Grocery,464.0
2023-11-02,Riyadh,Grocery,413.0
2023-11-03,Riyadh,Grocery,525.0
2023-11-04,Riyadh,Grocery,678.0
2023-11-05,Riyadh,Grocery,639.0
2023-11-06,Riyadh,Grocery,397.0
2023-11-07,Riyadh,Grocery,432.0
2023-11-08,Riyadh,Grocery,458.0
2023-11-09,Riyadh,Grocery,460.0
2023-11-10,Riyadh,Grocery,445.0
2023-11-11,Riyadh,Grocery,653.0
2023-11-12,Riyadh,Grocery,593.0
2023-11-13,Riyadh,Grocery,402.0
2023-11-14,Riyadh,Grocery,431.0
2023-11-15,Riyadh,Grocery,479.0
2023-11-16,Riyadh,Grocery,497.0
2023-11-17,Riyadh,Grocery,530.0
2023-11-18,Riyadh,Grocery,661.0
2023-11-19,Riyadh,Grocery,610.0
2023-11-20,Riyadh,Grocery,492.0
2023-11-21,Riyadh,Grocery,404.0
2023-11-22,Riyadh,Grocery,470.0
2023-11-23,Riyadh,Grocery,434.0
2023-11-24,Riyadh,Grocery,474.0
2023-11-25,Riyadh,Grocery,635.0
2023-11-26,Riyadh,Grocery,641.0
2023-11-27,Riyadh,Grocery,463.0
2023-11-28,Riyadh,Grocery,453.0
2023-11-29,Riyadh,Grocery,493.0
2023-11-30,Riyadh,Grocery,512.0
2023-12-01,Riyadh,Grocery,518.0
2023-12-02,Riyadh,Grocery,646.0
2023-12-03,Riyadh,Grocery,687.0
2023-12-04,Riyadh,Grocery,501.0
2023-12-05,Riyadh,Grocery,444.0
2023-12-06,Riyadh,Grocery,455.0
2023-12-07,Riyadh,Grocery,467.0
2023-12-08,Riyadh,Grocery,595.0
2023-12-09,Riyadh,Grocery,783.0
2023-12-10,Riyadh,Grocery,619.0
2023-12-11,Riyadh,Grocery,479.0
2023-12-12,Riyadh,Grocery,496.0
2023-12-13,Riyadh,Grocery,542.0
2023-12-14,Riyadh,Grocery,495.0
2023-12-15,Riyadh,Grocery,514.0
2023-12-16,Riyadh,Grocery,798.0
2023-12-17,Riyadh,Grocery,726.0
2023-12-18,Riyadh,Grocery,517.0
2023-12-19,Riyadh,Grocery,539.0
2023-12-20,Riyadh,Grocery,506.0
2023-12-21,Riyadh,Grocery,576.0
2023-12-22,Riyadh,Grocery,535.0
2023-12-23,Riyadh,Grocery,786.0
2023-12-24,Riyadh,Grocery,726.0
2023-12-25,Riyadh,Grocery,564.0
2023-12-26,Riyadh,Grocery,512.0
2023-12-27,Riyadh,Grocery,493.0
2023-12-28,Riyadh,Grocery,571.0
2023-12-29,Riyadh,Grocery,555.0
2023-12-30,Riyadh,Grocery,785.0
2023-12-31,Riyadh,Grocery,767.0
2024-01-01,Riyadh,Grocery,560.0
2024-01-02,Riyadh,Grocery,484.0
2024-01-03,Riyadh,Grocery,605.0
2024-01-04,Riyadh,Grocery,515.0
2024-01-05,Riyadh,Grocery,665.0
2024-01-06,Riyadh,Grocery,910.0
2024-01-07,Riyadh,Grocery,824.0
2024-01-08,Riyadh,Grocery,638.0
2024-01-09,Riyadh,Grocery,635.0
2024-01-10,Riyadh,Grocery,577.0
2024-01-11,Riyadh,Grocery,545.0
2024-01-12,Riyadh,Grocery,577.0
2024-01-13,Riyadh,Grocery,875.0
2024-01-14,Riyadh,Grocery,812.0
2024-01-15,Riyadh,Grocery,587.0
2024-01-16,Riyadh,Grocery,541.0
2024-01-17,Riyadh,Grocery,535.0
2024-01-18,Riyadh,Grocery,586.0
2024-01-19,Riyadh,Grocery,650.0
2024-01-20,Riyadh,Grocery,799.0
2024-01-21,Riyadh,Grocery,814.0
2024-01-22,Riyadh,Grocery,666.0
2024-01-23,Riyadh,Grocery,529.0
2024-01-24,Riyadh,Grocery,548.0
2024-01-25,Riyadh,Grocery,685.0
2024-01-26,Riyadh,Grocery,752.0
2024-01-27,Riyadh,Grocery,908.0
2024-01-28,Riyadh,Grocery,889.0
2024-01-29,Riyadh,Grocery,1109.0
2024-01-30,Riyadh,Grocery,922.0
2024-01-31,Riyadh,Grocery,623.0
2024-02-01,Riyadh,Grocery,676.0
2024-02-02,Riyadh,Grocery,754.0
2024-02-03,Riyadh,Grocery,838.0
2024-02-04,Riyadh,Grocery,960.0
2024-02-05,Riyadh,Grocery,685.0
2024-02-06,Riyadh,Grocery,649.0
2024-02-07,Riyadh,Grocery,608.0
2024-02-08,Riyadh,Grocery,673.0
2024-02-09,Riyadh,Grocery,735.0
2024-02-10,Riyadh,Grocery,942.0
2024-02-11,Riyadh,Grocery,915.0
2024-02-12,Riyadh,Grocery,636.0
2024-02-13,Riyadh,Grocery,628.0
2024-02-14,Riyadh,Grocery,641.0
2024-02-15,Riyadh,Grocery,687.0
2024-02-16,Riyadh,Grocery,709.0
2024-02-17,Riyadh,Grocery,1015.0
2024-02-18,Riyadh,Grocery,966.0
2024-02-19,Riyadh,Grocery,686.0
2024-02-20,Riyadh,Grocery,649.0
2024-02-21,Riyadh,Grocery,667.0
2024-02-22,Riyadh,Grocery,677.0
2024-02-23,Riyadh,Grocery,743.0
2024-02-24,Riyadh,Grocery,908.0
2024-02-25,Riyadh,Grocery,949.0
2024-02-26,Riyadh,Grocery,612.0
2024-02-27,Riyadh,Grocery,643.0
2024-02-28,Riyadh,Grocery,666.0
2024-02-29,Riyadh,Grocery,699.0
2024-03-01,Riyadh,Grocery,753.0
2024-03-02,Riyadh,Grocery,1003.0
2024-03-03,Riyadh,Grocery,864.0
2024-03-04,Riyadh,Grocery,729.0
2024-03-05,Riyadh,Grocery,677.0
2024-03-06,Riyadh,Grocery,699.0
2024-03-07,Riyadh,Grocery,686.0
2024-03-08,Riyadh,Grocery,765.0
2024-03-09,Riyadh,Grocery,977.0
2024-03-10,Riyadh,Grocery,757.0
2024-03-11,Riyadh,Grocery,696.0
2024-03-12,Riyadh,Grocery,681.0
2024-03-13,Riyadh,Grocery,616.0
2024-03-14,Riyadh,Grocery,703.0
2024-03-15,Riyadh,Grocery,747.0
2024-03-16,Riyadh,Grocery,924.0
2024-03-17,Riyadh,Grocery,953.0
2024-03-18,Riyadh,Grocery,728.0
2024-03-19,Riyadh,Grocery,707.0
2024-03-20,Riyadh,Grocery,709.0
2024-03-21,Riyadh,Grocery,732.0
2024-03-22,Riyadh,Grocery,727.0
2024-03-23,Riyadh,Grocery,967.0
2024-03-24,Riyadh,Grocery,881.0
2024-03-25,Riyadh,Grocery,671.0
2024-03-26,Riyadh,Grocery,687.0
2024-03-27,Riyadh,Grocery,1115.0
2024-03-28,Riyadh,Grocery,1148.0
2024-03-29,Riyadh,Grocery,1336.0
2024-03-30,Riyadh,Grocery,1855.0
2024-03-31,Riyadh,Grocery,1709.0
2024-04-01,Riyadh,Grocery,1249.0
2024-04-02,Riyadh,Grocery,1186.0
2024-04-03,Riyadh,Grocery,1049.0
2024-04-04,Riyadh,Grocery,1394.0
2024-04-05,Riyadh,Grocery,1187.0
2024-04-06,Riyadh,Grocery,1787.0
2024-04-07,Riyadh,Grocery,1472.0
2024-04-08,Riyadh,Grocery,1361.0
2024-04-09,Riyadh,Grocery,658.0
2024-04-10,Riyadh,Grocery,661.0
2024-04-11,Riyadh,Grocery,722.0
2024-04-12,Riyadh,Grocery,739.0
2024-04-13,Riyadh,Grocery,931.0
2024-04-14,Riyadh,Grocery,831.0
2024-04-15,Riyadh,Grocery,638.0
2024-04-16,Riyadh,Grocery,714.0
2024-04-17,Riyadh,Grocery,603.0
2024-04-18,Riyadh,Grocery,544.0
2024-04-19,Riyadh,Grocery,794.0
2024-04-20,Riyadh,Grocery,899.0
2024-04-21,Riyadh,Grocery,835.0
2024-04-22,Riyadh,Grocery,689.0
2024-04-23,Riyadh,Grocery,613.0
2024-04-24,Riyadh,Grocery,605.0
2024-04-25,Riyadh,Grocery,693.0
2024-04-26,Riyadh,Grocery,789.0
2024-04-27,Riyadh,Grocery,968.0
2024-04-28,Riyadh,Grocery,812.0
2024-04-29,Riyadh,Grocery,601.0
2024-04-30,Riyadh,Grocery,1007.0
2024-05-01,Riyadh,Grocery,934.0
2024-05-02,Riyadh,Grocery,1090.0
2024-05-03,Riyadh,Grocery,1165.0
2024-05-04,Riyadh,Grocery,827.0
2024-05-05,Riyadh,Grocery,772.0
2024-05-06,Riyadh,Grocery,653.0
2024-05-07,Riyadh,Grocery,537.0
2024-05-08,Riyadh,Grocery,597.0
2024-05-09,Riyadh,Grocery,685.0
2024-05-10,Riyadh,Grocery,658.0
2024-05-11,Riyadh,Grocery,920.0
2024-05-12,Riyadh,Grocery,886.0
2024-05-13,Riyadh,Grocery,599.0
2024-05-14,Riyadh,Grocery,596.0
2024-05-15,Riyadh,Grocery,634.0
2024-05-16,Riyadh,Grocery,578.0
2024-05-17,Riyadh,Grocery,612.0
2024-05-18,Riyadh,Grocery,778.0
2024-05-19,Riyadh,Grocery,788.0
2024-05-20,Riyadh,Grocery,572.0
2024-05-21,Riyadh,Grocery,644.0
2024-05-22,Riyadh,Grocery,649.0
2024-05-23,Riyadh,Grocery,573.0
2024-05-24,Riyadh,Grocery,599.0
2024-05-25,Riyadh,Grocery,902.0
2024-05-26,Riyadh,Grocery,664.0
2024-05-27,Riyadh,Grocery,569.0
2024-05-28,Riyadh,Grocery,473.0
2024-05-29,Riyadh,Grocery,565.0
2024-05-30,Riyadh,Grocery,567.0
2024-05-31,Riyadh,Grocery,595.0
2024-06-01,Riyadh,Grocery,731.0
2024-06-02,Riyadh,Grocery,767.0
2024-06-03,Riyadh,Grocery,586.0
2024-06-04,Riyadh,Grocery,559.0
2024-06-05,Riyadh,Grocery,585.0
2024-06-06,Riyadh,Grocery,586.0
2024-06-07,Riyadh,Grocery,655.0
2024-06-08,Riyadh,Grocery,788.0
2024-06-09,Riyadh,Grocery,815.0
2024-06-10,Riyadh,Grocery,487.0
2024-06-11,Riyadh,Grocery,617.0
2024-06-12,Riyadh,Grocery,510.0
2024-06-13,Riyadh,Grocery,537.0
2024-06-14,Riyadh,Grocery,564.0
2024-06-15,Riyadh,Grocery,842.0
2024-06-16,Riyadh,Grocery,796.0
2024-06-17,Riyadh,Grocery,565.0
2024-06-18,Riyadh,Grocery,580.0
2024-06-19,Riyadh,Grocery,528.0
2024-06-20,Riyadh,Grocery,531.0
2024-06-21,Riyadh,Grocery,578.0
2024-06-22,Riyadh,Grocery,777.0
2024-06-23,Riyadh,Grocery,740.0
2024-06-24,Riyadh,Grocery,565.0
2024-06-25,Riyadh,Grocery,580.0
2024-06-26,Riyadh,Grocery,617.0
2024-06-27,Riyadh,Grocery,510.0
2024-06-28,Riyadh,Grocery,602.0
2024-06-29,Riyadh,Grocery,761.0
2024-06-30,Riyadh,Grocery,794.0
2024-07-01,Riyadh,Grocery,532.0
2024-07-02,Riyadh,Grocery,591.0
2024-07-03,Riyadh,Grocery,605.0
2024-07-04,Riyadh,Grocery,554.0
2024-07-05,Riyadh,Grocery,609.0
2024-07-06,Riyadh,Grocery,839.0
2024-07-07,Riyadh,Grocery,1159.0
2024-07-08,Riyadh,Grocery,827.0
2024-07-09,Riyadh,Grocery,856.0
2024-07-10,Riyadh,Grocery,795.0
2024-07-11,Riyadh,Grocery,803.0
2024-07-12,Riyadh,Grocery,641.0
2024-07-13,Riyadh,Grocery,813.0
2024-07-14,Riyadh,Grocery,931.0
2024-07-15,Riyadh,Grocery,723.0
2024-07-16,Riyadh,Grocery,1113.0
2024-07-17,Riyadh,Grocery,1131.0
2024-07-18,Riyadh,Grocery,990.0
2024-07-19,Riyadh,Grocery,1010.0
2024-07-20,Riyadh,Grocery,766.0
2024-07-21,Riyadh,Grocery,751.0
2024-07-22,Riyadh,Grocery,578.0
2024-07-23,Riyadh,Grocery,479.0
2024-07-24,Riyadh,Grocery,573.0
2024-07-25,Riyadh,Grocery,560.0
2024-07-26,Riyadh,Grocery,612.0
2024-07-27,Riyadh,Grocery,898.0
2024-07-28,Riyadh,Grocery,692.0
2024-07-29,Riyadh,Grocery,583.0
2024-07-30,Riyadh,Grocery,451.0
2024-07-31,Riyadh,Grocery,515.0
2024-08-01,Riyadh,Grocery,592.0
2024-08-02,Riyadh,Grocery,608.0
2024-08-03,Riyadh,Grocery,808.0
2024-08-04,Riyadh,Grocery,725.0
2024-08-05,Riyadh,Grocery,567.0
2024-08-06,Riyadh,Grocery,525.0
2024-08-07,Riyadh,Grocery,754.0
2024-08-08,Riyadh,Grocery,672.0
2024-08-09,Riyadh,Grocery,586.0
2024-08-10,Riyadh,Grocery,833.0
2024-08-11,Riyadh,Grocery,697.0
2024-08-12,Riyadh,Grocery,896.0
2024-08-13,Riyadh,Grocery,808.0
2024-08-14,Riyadh,Grocery,785.0
2024-08-15,Riyadh,Grocery,795.0
2024-08-16,Riyadh,Grocery,627.0
2024-08-17,Riyadh,Grocery,744.0
2024-08-18,Riyadh,Grocery,755.0
2024-08-19,Riyadh,Grocery,547.0
2024-08-20,Riyadh,Grocery,540.0
2024-08-21,Riyadh,Grocery,522.0
2024-08-22,Riyadh,Grocery,556.0
2024-08-23,Riyadh,Grocery,600.0
2024-08-24,Riyadh,Grocery,766.0
2024-08-25,Riyadh,Grocery,651.0
2024-08-26,Riyadh,Grocery,529.0
2024-08-27,Riyadh,Grocery,574.0
2024-08-28,Riyadh,Grocery,523.0
2024-08-29,Riyadh,Grocery,502.0
2024-08-30,Riyadh,Grocery,538.0
2024-08-31,Riyadh,Grocery,666.0
2024-09-01,Riyadh,Grocery,638.0
2024-09-02,Riyadh,Grocery,490.0
2024-09-03,Riyadh,Grocery,534.0
2024-09-04,Riyadh,Grocery,493.0
2024-09-05,Riyadh,Grocery,559.0
2024-09-06,Riyadh,Grocery,550.0
2024-09-07,Riyadh,Grocery,692.0
2024-09-08,Riyadh,Grocery,694.0
2024-09-09,Riyadh,Grocery,525.0
2024-09-10,Riyadh,Grocery,507.0
2024-09-11,Riyadh,Grocery,489.0
2024-09-12,Riyadh,Grocery,548.0
2024-09-13,Riyadh,Grocery,526.0
2024-09-14,Riyadh,Grocery,628.0
2024-09-15,Riyadh,Grocery,616.0
2024-09-16,Riyadh,Grocery,512.0
2024-09-17,Riyadh,Grocery,499.0
2024-09-18,Riyadh,Grocery,493.0
2024-09-19,Riyadh,Grocery,447.0
2024-09-20,Riyadh,Grocery,538.0
2024-09-21,Riyadh,Grocery,711.0
2024-09-22,Riyadh,Grocery,710.0
2024-09-23,Riyadh,Grocery,501.0
2024-09-24,Riyadh,Grocery,529.0
2024-09-25,Riyadh,Grocery,511.0
2024-09-26,Riyadh,Grocery,471.0
2024-09-27,Riyadh,Grocery,558.0
2024-09-28,Riyadh,Grocery,715.0
2024-09-29,Riyadh,Grocery,527.0
2024-09-30,Riyadh,Grocery,480.0
2024-10-01,Riyadh,Grocery,478.0
2024-10-02,Riyadh,Grocery,468.0
2024-10-03,Riyadh,Grocery,446.0
2024-10-04,Riyadh,Grocery,488.0
2024-10-05,Riyadh,Grocery,714.0
2024-10-06,Riyadh,Grocery,673.0
2024-10-07,Riyadh,Grocery,451.0
2024-10-08,Riyadh,Grocery,466.0
2024-10-09,Riyadh,Grocery,443.0
2024-10-10,Riyadh,Grocery,555.0
2024-10-11,Riyadh,Grocery,488.0
2024-10-12,Riyadh,Grocery,695.0
2024-10-13,Riyadh,Grocery,546.0
2024-10-14,Riyadh,Grocery,415.0
2024-10-15,Riyadh,Grocery,505.0
2024-10-16,Riyadh,Grocery,498.0
2024-10-17,Riyadh,Grocery,662.0
2024-10-18,Riyadh,Grocery,683.0
2024-10-19,Riyadh,Grocery,596.0
2024-10-20,Riyadh,Grocery,633.0
2024-10-21,Riyadh,Grocery,447.0
2024-10-22,Riyadh,Grocery,479.0
2024-10-23,Riyadh,Grocery,437.0
2024-10-24,Riyadh,Grocery,444.0
2024-10-25,Riyadh,Grocery,507.0
2024-10-26,Riyadh,Grocery,614.0
2024-10-27,Riyadh,Grocery,537.0
2024-10-28,Riyadh,Grocery,454.0
2024-10-29,Riyadh,Grocery,439.0
2024-10-30,Riyadh,Grocery,446.0
2024-10-31,Riyadh,Grocery,469.0
2024-11-01,Riyadh,Grocery,513.0
2024-11-02,Riyadh,Grocery,616.0
2024-11-03,Riyadh,Grocery,562.0
2024-11-04,Riyadh,Grocery,414.0
2024-11-05,Riyadh,Grocery,445.0
2024-11-06,Riyadh,Grocery,510.0
2024-11-07,Riyadh,Grocery,471.0
2024-11-08,Riyadh,Grocery,486.0
2024-11-09,Riyadh,Grocery,608.0
2024-11-10,Riyadh,Grocery,637.0
2024-11-11,Riyadh,Grocery,485.0
2024-11-12,Riyadh,Grocery,442.0
2024-11-13,Riyadh,Grocery,461.0
2024-11-14,Riyadh,Grocery,522.0
2024-11-15,Riyadh,Grocery,553.0
2024-11-16,Riyadh,Grocery,605.0
2024-11-17,Riyadh,Grocery,657.0
2024-11-18,Riyadh,Grocery,443.0
2024-11-19,Riyadh,Grocery,490.0
2024-11-20,Riyadh,Grocery,420.0
2024-11-21,Riyadh,Grocery,493.0
2024-11-22,Riyadh,Grocery,568.0
2024-11-23,Riyadh,Grocery,742.0
2024-11-24,Riyadh,Grocery,626.0
2024-11-25,Riyadh,Grocery,483.0
2024-11-26,Riyadh,Grocery,469.0
2024-11-27,Riyadh,Grocery,505.0
2024-11-28,Riyadh,Grocery,524.0
2024-11-29,Riyadh,Grocery,516.0
2024-11-30,Riyadh,Grocery,773.0
2024-12-01,Riyadh,Grocery,642.0
2024-12-02,Riyadh,Grocery,507.0
2024-12-03,Riyadh,Grocery,491.0
2024-12-04,Riyadh,Grocery,491.0
2024-12-05,Riyadh,Grocery,461.0
2024-12-06,Riyadh,Grocery,641.0
2024-12-07,Riyadh,Grocery,773.0
2024-12-08,Riyadh,Grocery,676.0
2024-12-09,Riyadh,Grocery,501.0
2024-12-10,Riyadh,Grocery,462.0
2024-12-11,Riyadh,Grocery,534.0
2024-12-12,Riyadh,Grocery,516.0
2024-12-13,Riyadh,Grocery,584.0
2024-12-14,Riyadh,Grocery,786.0
2024-12-15,Riyadh,Grocery,773.0
2024-12-16,Riyadh,Grocery,547.0
2024-12-17,Riyadh,Grocery,527.0
2024-12-18,Riyadh,Grocery,528.0
2024-12-19,Riyadh,Grocery,542.0
2024-12-20,Riyadh,Grocery,535.0
2024-12-21,Riyadh,Grocery,796.0
2024-12-22,Riyadh,Grocery,634.0
2024-12-23,Riyadh,Grocery,584.0
2024-12-24,Riyadh,Grocery,567.0
2024-12-25,Riyadh,Grocery,537.0
2024-12-26,Riyadh,Grocery,604.0
2024-12-27,Riyadh,Grocery,588.0
2024-12-28,Riyadh,Grocery,775.0
2024-12-29,Riyadh,Grocery,742.0
2024-12-30,Riyadh,Grocery,582.0
2024-12-31,Riyadh,Grocery,465.0
2025-01-01,Riyadh,Grocery,621.0
2025-01-02,Riyadh,Grocery,679.0
2025-01-03,Riyadh,Grocery,668.0
2025-01-04,Riyadh,Grocery,879.0
2025-01-05,Riyadh,Grocery,801.0
2025-01-06,Riyadh,Grocery,642.0
2025-01-07,Riyadh,Grocery,566.0
2025-01-08,Riyadh,Grocery,575.0
2025-01-09,Riyadh,Grocery,698.0
2025-01-10,Riyadh,Grocery,609.0
2025-01-11,Riyadh,Grocery,819.0
2025-01-12,Riyadh,Grocery,839.0
2025-01-13,Riyadh,Grocery,668.0
2025-01-14,Riyadh,Grocery,651.0
2025-01-15,Riyadh,Grocery,588.0
2025-01-16,Riyadh,Grocery,602.0
2025-01-17,Riyadh,Grocery,698.0
2025-01-18,Riyadh,Grocery,903.0
2025-01-19,Riyadh,Grocery,798.0
2025-01-20,Riyadh,Grocery,565.0
2025-01-21,Riyadh,Grocery,571.0
2025-01-22,Riyadh,Grocery,603.0
2025-01-23,Riyadh,Grocery,735.0
2025-01-24,Riyadh,Grocery,765.0
2025-01-25,Riyadh,Grocery,1008.0
2025-01-26,Riyadh,Grocery,885.0
2025-01-27,Riyadh,Grocery,677.0
2025-01-28,Riyadh,Grocery,630.0
2025-01-29,Riyadh,Grocery,644.0
2025-01-30,Riyadh,Grocery,734.0
2025-01-31,Riyadh,Grocery,832.0
2025-02-01,Riyadh,Grocery,946.0
2025-02-02,Riyadh,Grocery,1004.0
2025-02-03,Riyadh,Grocery,728.0
2025-02-04,Riyadh,Grocery,664.0
2025-02-05,Riyadh,Grocery,671.0
2025-02-06,Riyadh,Grocery,698.0
2025-02-07,Riyadh,Grocery,760.0
2025-02-08,Riyadh,Grocery,1032.0
2025-02-09,Riyadh,Grocery,857.0
2025-02-10,Riyadh,Grocery,699.0
2025-02-11,Riyadh,Grocery,731.0
2025-02-12,Riyadh,Grocery,1149.0
2025-02-13,Riyadh,Grocery,1170.0
2025-02-14,Riyadh,Grocery,817.0
2025-02-15,Riyadh,Grocery,1041.0
2025-02-16,Riyadh,Grocery,952.0
2025-02-17,Riyadh,Grocery,702.0
2025-02-18,Riyadh,Grocery,680.0
2025-02-19,Riyadh,Grocery,715.0
2025-02-20,Riyadh,Grocery,713.0
2025-02-21,Riyadh,Grocery,855.0
2025-02-22,Riyadh,Grocery,901.0
2025-02-23,Riyadh,Grocery,1034.0
2025-02-24,Riyadh,Grocery,698.0
2025-02-25,Riyadh,Grocery,716.0
2025-02-26,Riyadh,Grocery,698.0
2025-02-27,Riyadh,Grocery,728.0
2025-02-28,Riyadh,Grocery,797.0
2025-03-01,Riyadh,Grocery,1006.0
2025-03-02,Riyadh,Grocery,940.0
2025-03-03,Riyadh,Grocery,765.0
2025-03-04,Riyadh,Grocery,701.0
2025-03-05,Riyadh,Grocery,724.0
2025-03-06,Riyadh,Grocery,700.0
2025-03-07,Riyadh,Grocery,773.0
2025-03-08,Riyadh,Grocery,1059.0
2025-03-09,Riyadh,Grocery,988.0
2025-03-10,Riyadh,Grocery,644.0
2025-03-11,Riyadh,Grocery,677.0
2025-03-12,Riyadh,Grocery,675.0
2025-03-13,Riyadh,Grocery,718.0
2025-03-14,Riyadh,Grocery,840.0
2025-03-15,Riyadh,Grocery,1070.0
2025-03-16,Riyadh,Grocery,2357.0
2025-03-17,Riyadh,Grocery,1732.0
2025-03-18,Riyadh,Grocery,1728.0
2025-03-19,Riyadh,Grocery,1706.0
2025-03-20,Riyadh,Grocery,1272.0
2025-03-21,Riyadh,Grocery,1375.0
2025-03-22,Riyadh,Grocery,1709.0
2025-03-23,Riyadh,Grocery,1650.0
2025-03-24,Riyadh,Grocery,1240.0
2025-03-25,Riyadh,Grocery,1116.0
2025-03-26,Riyadh,Grocery,1335.0
2025-03-27,Riyadh,Grocery,1137.0
2025-03-28,Riyadh,Grocery,1391.0
2025-03-29,Riyadh,Grocery,1023.0
2025-03-30,Riyadh,Grocery,839.0
2025-03-31,Riyadh,Grocery,716.0
2025-04-01,Riyadh,Grocery,742.0
2025-04-02,Riyadh,Grocery,672.0
2025-04-03,Riyadh,Grocery,762.0
2025-04-04,Riyadh,Grocery,768.0
2025-04-05,Riyadh,Grocery,1012.0
2025-04-06,Riyadh,Grocery,936.0
2025-04-07,Riyadh,Grocery,699.0
2025-04-08,Riyadh,Grocery,666.0
2025-04-09,Riyadh,Grocery,685.0
2025-04-10,Riyadh,Grocery,675.0
2025-04-11,Riyadh,Grocery,796.0
2025-04-12,Riyadh,Grocery,1016.0
2025-04-13,Riyadh,Grocery,837.0
2025-04-14,Riyadh,Grocery,722.0
2025-04-15,Riyadh,Grocery,689.0
2025-04-16,Riyadh,Grocery,627.0
2025-04-17,Riyadh,Grocery,635.0
2025-04-18,Riyadh,Grocery,710.0
2025-04-19,Riyadh,Grocery,903.0
2025-04-20,Riyadh,Grocery,813.0
2025-04-21,Riyadh,Grocery,675.0
2025-04-22,Riyadh,Grocery,665.0
2025-04-23,Riyadh,Grocery,634.0
2025-04-24,Riyadh,Grocery,629.0
2025-04-25,Riyadh,Grocery,735.0
2025-04-26,Riyadh,Grocery,1014.0
2025-04-27,Riyadh,Grocery,821.0
2025-04-28,Riyadh,Grocery,662.0
2025-04-29,Riyadh,Grocery,670.0
2025-04-30,Riyadh,Grocery,647.0
2025-05-01,Riyadh,Grocery,697.0
2025-05-02,Riyadh,Grocery,754.0
2025-05-03,Riyadh,Grocery,934.0
2025-05-04,Riyadh,Grocery,833.0
2025-05-05,Riyadh,Grocery,644.0
2025-05-06,Riyadh,Grocery,583.0
2025-05-07,Riyadh,Grocery,637.0
2025-05-08,Riyadh,Grocery,739.0
2025-05-09,Riyadh,Grocery,703.0
2025-05-10,Riyadh,Grocery,938.0
2025-05-11,Riyadh,Grocery,864.0
2025-05-12,Riyadh,Grocery,594.0
2025-05-13,Riyadh,Grocery,660.0
2025-05-14,Riyadh,Grocery,666.0
2025-05-15,Riyadh,Grocery,668.0
2025-05-16,Riyadh,Grocery,721.0
2025-05-17,Riyadh,Grocery,856.0
2025-05-18,Riyadh,Grocery,781.0
2025-05-19,Riyadh,Grocery,628.0
2025-05-20,Riyadh,Grocery,543.0
2025-05-21,Riyadh,Grocery,642.0
2025-05-22,Riyadh,Grocery,602.0
2025-05-23,Riyadh,Grocery,681.0
2025-05-24,Riyadh,Grocery,925.0
2025-05-25,Riyadh,Grocery,805.0
2025-05-26,Riyadh,Grocery,638.0
2025-05-27,Riyadh,Grocery,546.0
2025-05-28,Riyadh,Grocery,654.0
2025-05-29,Riyadh,Grocery,618.0
2025-05-30,Riyadh,Grocery,640.0
2025-05-31,Riyadh,Grocery,892.0
2025-06-01,Riyadh,Grocery,783.0
2025-06-02,Riyadh,Grocery,641.0
2025-06-03,Riyadh,Grocery,596.0
2025-06-04,Riyadh,Grocery,609.0
2025-06-05,Riyadh,Grocery,598.0
2025-06-06,Riyadh,Grocery,610.0
2025-06-07,Riyadh,Grocery,823.0
2025-06-08,Riyadh,Grocery,676.0
2025-06-09,Riyadh,Grocery,643.0
2025-06-10,Riyadh,Grocery,559.0
2025-06-11,Riyadh,Grocery,623.0
2025-06-12,Riyadh,Grocery,627.0
2025-06-13,Riyadh,Grocery,706.0
2025-06-14,Riyadh,Grocery,871.0
2025-06-15,Riyadh,Grocery,768.0
2025-06-16,Riyadh,Grocery,617.0
2025-06-17,Riyadh,Grocery,524.0
2025-06-18,Riyadh,Grocery,591.0
2025-06-19,Riyadh,Grocery,650.0
2025-06-20,Riyadh,Grocery,678.0
2025-06-21,Riyadh,Grocery,861.0
2025-06-22,Riyadh,Grocery,803.0
2025-06-23,Riyadh,Grocery,562.0
2025-06-24,Riyadh,Grocery,614.0
2025-06-25,Riyadh,Grocery,584.0
2025-06-26,Riyadh,Grocery,678.0
2025-06-27,Riyadh,Grocery,601.0
2025-06-28,Riyadh,Grocery,846.0
2025-06-29,Riyadh,Grocery,781.0
2025-06-30,Riyadh,Grocery,553.0
2025-07-01,Riyadh,Grocery,550.0
2025-07-02,Riyadh,Grocery,667.0
2025-07-03,Riyadh,Grocery,876.0
2025-07-04,Riyadh,Grocery,925.0
2025-07-05,Riyadh,Grocery,1220.0
2025-07-06,Riyadh,Grocery,1072.0
2025-07-07,Riyadh,Grocery,537.0
2025-07-08,Riyadh,Grocery,624.0
2025-07-09,Riyadh,Grocery,583.0
2025-07-10,Riyadh,Grocery,612.0
2025-07-11,Riyadh,Grocery,718.0
2025-07-12,Riyadh,Grocery,846.0
2025-07-13,Riyadh,Grocery,727.0
2025-07-14,Riyadh,Grocery,657.0
2025-07-15,Riyadh,Grocery,563.0
2025-07-16,Riyadh,Grocery,620.0
2025-07-17,Riyadh,Grocery,577.0
2025-07-18,Riyadh,Grocery,590.0
2025-07-19,Riyadh,Grocery,790.0
2025-07-20,Riyadh,Grocery,823.0
2025-07-21,Riyadh,Grocery,592.0
2025-07-22,Riyadh,Grocery,564.0
2025-07-23,Riyadh,Grocery,587.0
2025-07-24,Riyadh,Grocery,612.0
2025-07-25,Riyadh,Grocery,675.0
2025-07-26,Riyadh,Grocery,967.0
2025-07-27,Riyadh,Grocery,794.0
2025-07-28,Riyadh,Grocery,669.0
2025-07-29,Riyadh,Grocery,590.0
2025-07-30,Riyadh,Grocery,571.0
2025-07-31,Riyadh,Grocery,571.0
2025-08-01,Riyadh,Grocery,652.0
2025-08-02,Riyadh,Grocery,898.0
2025-08-03,Riyadh,Grocery,735.0
2025-08-04,Riyadh,Grocery,583.0
2025-08-05,Riyadh,Grocery,533.0
2025-08-06,Riyadh,Grocery,586.0
2025-08-07,Riyadh,Grocery,591.0
2025-08-08,Riyadh,Grocery,620.0
2025-08-09,Riyadh,Grocery,859.0
2025-08-10,Riyadh,Grocery,997.0
2025-08-11,Riyadh,Grocery,692.0
2025-08-12,Riyadh,Grocery,599.0
2025-08-13,Riyadh,Grocery,592.0
2025-08-14,Riyadh,Grocery,593.0
2025-08-15,Riyadh,Grocery,665.0
2025-08-16,Riyadh,Grocery,823.0
2025-08-17,Riyadh,Grocery,804.0
2025-08-18,Riyadh,Grocery,541.0
2025-08-19,Riyadh,Grocery,609.0
2025-08-20,Riyadh,Grocery,467.0
2025-08-21,Riyadh,Grocery,539.0
2025-08-22,Riyadh,Grocery,655.0
2025-08-23,Riyadh,Grocery,780.0
2025-08-24,Riyadh,Grocery,710.0
2025-08-25,Riyadh,Grocery,542.0
2025-08-26,Riyadh,Grocery,533.0
2025-08-27,Riyadh,Grocery,544.0
2025-08-28,Riyadh,Grocery,576.0
2025-08-29,Riyadh,Grocery,616.0
2025-08-30,Riyadh,Grocery,814.0
2025-08-31,Riyadh,Grocery,837.0
2025-09-01,Riyadh,Grocery,526.0
2025-09-02,Riyadh,Grocery,505.0
2025-09-03,Riyadh,Grocery,555.0
2025-09-04,Riyadh,Grocery,540.0
2025-09-05,Riyadh,Grocery,628.0
2025-09-06,Riyadh,Grocery,759.0
2025-09-07,Riyadh,Grocery,676.0
2025-09-08,Riyadh,Grocery,525.0
2025-09-09,Riyadh,Grocery,499.0
2025-09-10,Riyadh,Grocery,472.0
2025-09-11,Riyadh,Grocery,596.0
2025-09-12,Riyadh,Grocery,526.0
2025-09-13,Riyadh,Grocery,754.0
2025-09-14,Riyadh,Grocery,694.0
2025-09-15,Riyadh,Grocery,469.0
2025-09-16,Riyadh,Grocery,553.0
2025-09-17,Riyadh,Grocery,582.0
2025-09-18,Riyadh,Grocery,523.0
2025-09-19,Riyadh,Grocery,589.0
2025-09-20,Riyadh,Grocery,738.0
2025-09-21,Riyadh,Grocery,733.0
2025-09-22,Riyadh,Grocery,478.0
2025-09-23,Riyadh,Grocery,521.0
2025-09-24,Riyadh,Grocery,490.0
2025-09-25,Riyadh,Grocery,496.0
2025-09-26,Riyadh,Grocery,494.0
2025-09-27,Riyadh,Grocery,719.0
2025-09-28,Riyadh,Grocery,624.0
2025-09-29,Riyadh,Grocery,493.0
2025-09-30,Riyadh,Grocery,477.0
2025-10-01,Riyadh,Grocery,482.0
2025-10-02,Riyadh,Grocery,513.0
2025-10-03,Riyadh,Grocery,530.0
2025-10-04,Riyadh,Grocery,635.0
2025-10-05,Riyadh,Grocery,650.0
2025-10-06,Riyadh,Grocery,485.0
2025-10-07,Riyadh,Grocery,460.0
2025-10-08,Riyadh,Grocery,430.0
2025-10-09,Riyadh,Grocery,481.0
2025-10-10,Riyadh,Grocery,516.0
2025-10-11,Riyadh,Grocery,693.0
2025-10-12,Riyadh,Grocery,604.0
2025-10-13,Riyadh,Grocery,462.0
2025-10-14,Riyadh,Grocery,408.0
2025-10-15,Riyadh,Grocery,495.0
2025-10-16,Riyadh,Grocery,482.0
2025-10-17,Riyadh,Grocery,460.0
2025-10-18,Riyadh,Grocery,681.0
2025-10-19,Riyadh,Grocery,620.0
2025-10-20,Riyadh,Grocery,488.0
2025-10-21,Riyadh,Grocery,459.0
2025-10-22,Riyadh,Grocery,445.0
2025-10-23,Riyadh,Grocery,516.0
2025-10-24,Riyadh,Grocery,534.0
2025-10-25,Riyadh,Grocery,664.0
2025-10-26,Riyadh,Grocery,594.0
2025-10-27,Riyadh,Grocery,464.0
2025-10-28,Riyadh,Grocery,432.0
2025-10-29,Riyadh,Grocery,493.0
2025-10-30,Riyadh,Grocery,487.0
2025-10-31,Riyadh,Grocery,527.0
2025-11-01,Riyadh,Grocery,653.0
2025-11-02,Riyadh,Grocery,692.0
2025-11-03,Riyadh,Grocery,511.0
2025-11-04,Riyadh,Grocery,498.0
2025-11-05,Riyadh,Grocery,423.0
2025-11-06,Riyadh,Grocery,452.0
2025-11-07,Riyadh,Grocery,505.0
2025-11-08,Riyadh,Grocery,739.0
2025-11-09,Riyadh,Grocery,654.0
2025-11-10,Riyadh,Grocery,522.0
2025-11-11,Riyadh,Grocery,502.0
2025-11-12,Riyadh,Grocery,479.0
2025-11-13,Riyadh,Grocery,506.0
2025-11-14,Riyadh,Grocery,513.0
2025-11-15,Riyadh,Grocery,735.0
2025-11-16,Riyadh,Grocery,660.0
2025-11-17,Riyadh,Grocery,491.0
2025-11-18,Riyadh,Grocery,460.0
2025-11-19,Riyadh,Grocery,466.0
2025-11-20,Riyadh,Grocery,477.0
2025-11-21,Riyadh,Grocery,564.0
2025-11-22,Riyadh,Grocery,713.0
2025-11-23,Riyadh,Grocery,667.0
2025-11-24,Riyadh,Grocery,535.0
2025-11-25,Riyadh,Grocery,467.0
2025-11-26,Riyadh,Grocery,534.0
2025-11-27,Riyadh,Grocery,561.0
2025-11-28,Riyadh,Grocery,614.0
2025-11-29,Riyadh,Grocery,722.0
2025-11-30,Riyadh,Grocery,648.0
2025-12-01,Riyadh,Grocery,553.0
2025-12-02,Riyadh,Grocery,498.0
2025-12-03,Riyadh,Grocery,521.0
2025-12-04,Riyadh,Grocery,528.0
2025-12-05,Riyadh,Grocery,563.0
2025-12-06,Riyadh,Grocery,754.0
2025-12-07,Riyadh,Grocery,723.0
2025-12-08,Riyadh,Grocery,628.0
2025-12-09,Riyadh,Grocery,535.0
2025-12-10,Riyadh,Grocery,469.0
2025-12-11,Riyadh,Grocery,496.0
2025-12-12,Riyadh,Grocery,598.0
2025-12-13,Riyadh,Grocery,800.0
2025-12-14,Riyadh,Grocery,807.0
2025-12-15,Riyadh,Grocery,544.0
2025-12-16,Riyadh,Grocery,468.0
2025-12-17,Riyadh,Grocery,631.0
2025-12-18,Riyadh,Grocery,553.0
2025-12-19,Riyadh,Grocery,625.0
2025-12-20,Riyadh,Grocery,793.0
2025-12-21,Riyadh,Grocery,746.0
2025-12-22,Riyadh,Grocery,559.0
2025-12-23,Riyadh,Grocery,599.0
2025-12-24,Riyadh,Grocery,550.0
2025-12-25,Riyadh,Grocery,605.0
2025-12-26,Riyadh,Grocery,667.0
2025-12-27,Riyadh,Grocery,837.0
2025-12-28,Riyadh,Grocery,746.0
2025-12-29,Riyadh,Grocery,605.0
2025-12-30,Riyadh,Grocery,553.0
2025-12-31,Riyadh,Grocery,575.0
2023-01-01,Riyadh,Electronics,208.0
2023-01-02,Riyadh,Electronics,93.0
2023-01-03,Riyadh,Electronics,124.0
2023-01-04,Riyadh,Electronics,112.0
2023-01-05,Riyadh,Electronics,108.0
2023-01-06,Riyadh,Electronics,138.0
2023-01-07,Riyadh,Electronics,206.0
2023-01-08,Riyadh,Electronics,217.0
2023-01-09,Riyadh,Electronics,89.0
2023-01-10,Riyadh,Electronics,166.0
2023-01-11,Riyadh,Electronics,165.0
2023-01-12,Riyadh,Electronics,170.0
2023-01-13,Riyadh,Electronics,213.0
2023-01-14,Riyadh,Electronics,255.0
2023-01-15,Riyadh,Electronics,202.0
2023-01-16,Riyadh,Electronics,123.0
2023-01-17,Riyadh,Electronics,103.0
2023-01-18,Riyadh,Electronics,119.0
2023-01-19,Riyadh,Electronics,162.0
2023-01-20,Riyadh,Electronics,215.0
2023-01-21,Riyadh,Electronics,307.0
2023-01-22,Riyadh,Electronics,139.0
2023-01-23,Riyadh,Electronics,109.0
2023-01-24,Riyadh,Electronics,154.0
2023-01-25,Riyadh,Electronics,118.0
2023-01-26,Riyadh,Electronics,154.0
2023-01-27,Riyadh,Electronics,151.0
2023-01-28,Riyadh,Electronics,195.0
2023-01-29,Riyadh,Electronics,169.0
2023-01-30,Riyadh,Electronics,91.0
2023-01-31,Riyadh,Electronics,130.0
2023-02-01,Riyadh,Electronics,124.0
2023-02-02,Riyadh,Electronics,146.0
2023-02-03,Riyadh,Electronics,158.0
2023-02-04,Riyadh,Electronics,262.0
2023-02-05,Riyadh,Electronics,204.0
2023-02-06,Riyadh,Electronics,123.0
2023-02-07,Riyadh,Electronics,112.0
2023-02-08,Riyadh,Electronics,151.0
2023-02-09,Riyadh,Electronics,128.0
2023-02-10,Riyadh,Electronics,132.0
2023-02-11,Riyadh,Electronics,304.0
2023-02-12,Riyadh,Electronics,236.0
2023-02-13,Riyadh,Electronics,138.0
2023-02-14,Riyadh,Electronics,136.0
2023-02-15,Riyadh,Electronics,133.0
2023-02-16,Riyadh,Electronics,156.0
2023-02-17,Riyadh,Electronics,135.0
2023-02-18,Riyadh,Electronics,287.0
2023-02-19,Riyadh,Electronics,230.0
2023-02-20,Riyadh,Electronics,150.0
2023-02-21,Riyadh,Electronics,146.0
2023-02-22,Riyadh,Electronics,154.0
2023-02-23,Riyadh,Electronics,133.0
2023-02-24,Riyadh,Electronics,186.0
2023-02-25,Riyadh,Electronics,237.0
2023-02-26,Riyadh,Electronics,224.0
2023-02-27,Riyadh,Electronics,127.0
2023-02-28,Riyadh,Electronics,105.0
2023-03-01,Riyadh,Electronics,159.0
2023-03-02,Riyadh,Electronics,117.0
2023-03-03,Riyadh,Electronics,181.0
2023-03-04,Riyadh,Electronics,290.0
2023-03-05,Riyadh,Electronics,279.0
2023-03-06,Riyadh,Electronics,185.0
2023-03-07,Riyadh,Electronics,123.0
2023-03-08,Riyadh,Electronics,145.0
2023-03-09,Riyadh,Electronics,124.0
2023-03-10,Riyadh,Electronics,144.0
2023-03-11,Riyadh,Electronics,270.0
2023-03-12,Riyadh,Electronics,250.0
2023-03-13,Riyadh,Electronics,191.0
2023-03-14,Riyadh,Electronics,157.0
2023-03-15,Riyadh,Electronics,197.0
2023-03-16,Riyadh,Electronics,185.0
2023-03-17,Riyadh,Electronics,168.0
2023-03-18,Riyadh,Electronics,295.0
2023-03-19,Riyadh,Electronics,174.0
2023-03-20,Riyadh,Electronics,152.0
2023-03-21,Riyadh,Electronics,140.0
2023-03-22,Riyadh,Electronics,281.0
2023-03-23,Riyadh,Electronics,269.0
2023-03-24,Riyadh,Electronics,237.0
2023-03-25,Riyadh,Electronics,446.0
2023-03-26,Riyadh,Electronics,262.0
2023-03-27,Riyadh,Electronics,101.0
2023-03-28,Riyadh,Electronics,149.0
2023-03-29,Riyadh,Electronics,150.0
2023-03-30,Riyadh,Electronics,142.0
2023-03-31,Riyadh,Electronics,169.0
2023-04-01,Riyadh,Electronics,279.0
2023-04-02,Riyadh,Electronics,270.0
2023-04-03,Riyadh,Electronics,140.0
2023-04-04,Riyadh,Electronics,140.0
2023-04-05,Riyadh,Electronics,178.0
2023-04-06,Riyadh,Electronics,158.0
2023-04-07,Riyadh,Electronics,202.0
2023-04-08,Riyadh,Electronics,362.0
2023-04-09,Riyadh,Electronics,392.0
2023-04-10,Riyadh,Electronics,258.0
2023-04-11,Riyadh,Electronics,206.0
2023-04-12,Riyadh,Electronics,170.0
2023-04-13,Riyadh,Electronics,205.0
2023-04-14,Riyadh,Electronics,276.0
2023-04-15,Riyadh,Electronics,356.0
2023-04-16,Riyadh,Electronics,399.0
2023-04-17,Riyadh,Electronics,188.0
2023-04-18,Riyadh,Electronics,182.0
2023-04-19,Riyadh,Electronics,198.0
2023-04-20,Riyadh,Electronics,142.0
2023-04-21,Riyadh,Electronics,137.0
2023-04-22,Riyadh,Electronics,256.0
2023-04-23,Riyadh,Electronics,224.0
2023-04-24,Riyadh,Electronics,115.0
2023-04-25,Riyadh,Electronics,165.0
2023-04-26,Riyadh,Electronics,140.0
2023-04-27,Riyadh,Electronics,131.0
2023-04-28,Riyadh,Electronics,160.0
2023-04-29,Riyadh,Electronics,245.0
2023-04-30,Riyadh,Electronics,227.0
2023-05-01,Riyadh,Electronics,132.0
2023-05-02,Riyadh,Electronics,123.0
2023-05-03,Riyadh,Electronics,128.0
2023-05-04,Riyadh,Electronics,125.0
2023-05-05,Riyadh,Electronics,186.0
2023-05-06,Riyadh,Electronics,260.0
2023-05-07,Riyadh,Electronics,208.0
2023-05-08,Riyadh,Electronics,136.0
2023-05-09,Riyadh,Electronics,142.0
2023-05-10,Riyadh,Electronics,141.0
2023-05-11,Riyadh,Electronics,117.0
2023-05-12,Riyadh,Electronics,194.0
2023-05-13,Riyadh,Electronics,251.0
2023-05-14,Riyadh,Electronics,236.0
2023-05-15,Riyadh,Electronics,87.0
2023-05-16,Riyadh,Electronics,122.0
2023-05-17,Riyadh,Electronics,119.0
2023-05-18,Riyadh,Electronics,135.0
2023-05-19,Riyadh,Electronics,158.0
2023-05-20,Riyadh,Electronics,221.0
2023-05-21,Riyadh,Electronics,236.0
2023-05-22,Riyadh,Electronics,115.0
2023-05-23,Riyadh,Electronics,125.0
2023-05-24,Riyadh,Electronics,108.0
2023-05-25,Riyadh,Electronics,141.0
2023-05-26,Riyadh,Electronics,198.0
2023-05-27,Riyadh,Electronics,223.0
2023-05-28,Riyadh,Electronics,287.0
2023-05-29,Riyadh,Electronics,101.0
2023-05-30,Riyadh,Electronics,135.0
2023-05-31,Riyadh,Electronics,129.0
2023-06-01,Riyadh,Electronics,147.0
2023-06-02,Riyadh,Electronics,134.0
2023-06-03,Riyadh,Electronics,288.0
2023-06-04,Riyadh,Electronics,214.0
2023-06-05,Riyadh,Electronics,117.0
2023-06-06,Riyadh,Electronics,152.0
2023-06-07,Riyadh,Electronics,156.0
2023-06-08,Riyadh,Electronics,144.0
2023-06-09,Riyadh,Electronics,164.0
2023-06-10,Riyadh,Electronics,187.0
2023-06-11,Riyadh,Electronics,208.0
2023-06-12,Riyadh,Electronics,146.0
2023-06-13,Riyadh,Electronics,94.0
2023-06-14,Riyadh,Electronics,164.0
2023-06-15,Riyadh,Electronics,113.0
2023-06-16,Riyadh,Electronics,160.0
2023-06-17,Riyadh,Electronics,203.0
2023-06-18,Riyadh,Electronics,198.0
2023-06-19,Riyadh,Electronics,146.0
2023-06-20,Riyadh,Electronics,132.0
2023-06-21,Riyadh,Electronics,150.0
2023-06-22,Riyadh,Electronics,134.0
2023-06-23,Riyadh,Electronics,159.0
2023-06-24,Riyadh,Electronics,166.0
2023-06-25,Riyadh,Electronics,128.0
2023-06-26,Riyadh,Electronics,124.0
2023-06-27,Riyadh,Electronics,98.0
2023-06-28,Riyadh,Electronics,129.0
2023-06-29,Riyadh,Electronics,149.0
2023-06-30,Riyadh,Electronics,129.0
2023-07-01,Riyadh,Electronics,216.0
2023-07-02,Riyadh,Electronics,184.0
2023-07-03,Riyadh,Electronics,123.0
2023-07-04,Riyadh,Electronics,98.0
2023-07-05,Riyadh,Electronics,127.0
2023-07-06,Riyadh,Electronics,125.0
2023-07-07,Riyadh,Electronics,144.0
2023-07-08,Riyadh,Electronics,245.0
2023-07-09,Riyadh,Electronics,208.0
2023-07-10,Riyadh,Electronics,153.0
2023-07-11,Riyadh,Electronics,99.0
2023-07-12,Riyadh,Electronics,123.0
2023-07-13,Riyadh,Electronics,149.0
2023-07-14,Riyadh,Electronics,150.0
2023-07-15,Riyadh,Electronics,235.0
2023-07-16,Riyadh,Electronics,196.0
2023-07-17,Riyadh,Electronics,104.0
2023-07-18,Riyadh,Electronics,135.0
2023-07-19,Riyadh,Electronics,94.0
2023-07-20,Riyadh,Electronics,151.0
2023-07-21,Riyadh,Electronics,162.0
2023-07-22,Riyadh,Electronics,228.0
2023-07-23,Riyadh,Electronics,195.0
2023-07-24,Riyadh,Electronics,117.0
2023-07-25,Riyadh,Electronics,121.0
2023-07-26,Riyadh,Electronics,106.0
2023-07-27,Riyadh,Electronics,142.0
2023-07-28,Riyadh,Electronics,128.0
2023-07-29,Riyadh,Electronics,185.0
2023-07-30,Riyadh,Electronics,193.0
2023-07-31,Riyadh,Electronics,97.0
2023-08-01,Riyadh,Electronics,82.0
2023-08-02,Riyadh,Electronics,116.0
2023-08-03,Riyadh,Electronics,119.0
2023-08-04,Riyadh,Electronics,188.0
2023-08-05,Riyadh,Electronics,232.0
2023-08-06,Riyadh,Electronics,176.0
2023-08-07,Riyadh,Electronics,94.0
2023-08-08,Riyadh,Electronics,113.0
2023-08-09,Riyadh,Electronics,148.0
2023-08-10,Riyadh,Electronics,123.0
2023-08-11,Riyadh,Electronics,168.0
2023-08-12,Riyadh,Electronics,269.0
2023-08-13,Riyadh,Electronics,184.0
2023-08-14,Riyadh,Electronics,96.0
2023-08-15,Riyadh,Electronics,119.0
2023-08-16,Riyadh,Electronics,135.0
2023-08-17,Riyadh,Electronics,117.0
2023-08-18,Riyadh,Electronics,137.0
2023-08-19,Riyadh,Electronics,263.0
2023-08-20,Riyadh,Electronics,195.0
2023-08-21,Riyadh,Electronics,131.0
2023-08-22,Riyadh,Electronics,137.0
2023-08-23,Riyadh,Electronics,118.0
2023-08-24,Riyadh,Electronics,122.0
2023-08-25,Riyadh,Electronics,105.0
2023-08-26,Riyadh,Electronics,169.0
2023-08-27,Riyadh,Electronics,226.0
2023-08-28,Riyadh,Electronics,114.0
2023-08-29,Riyadh,Electronics,140.0
2023-08-30,Riyadh,Electronics,93.0
2023-08-31,Riyadh,Electronics,99.0
2023-09-01,Riyadh,Electronics,158.0
2023-09-02,Riyadh,Electronics,185.0
2023-09-03,Riyadh,Electronics,167.0
2023-09-04,Riyadh,Electronics,126.0
2023-09-05,Riyadh,Electronics,137.0
2023-09-06,Riyadh,Electronics,86.0
2023-09-07,Riyadh,Electronics,153.0
2023-09-08,Riyadh,Electronics,130.0
2023-09-09,Riyadh,Electronics,175.0
2023-09-10,Riyadh,Electronics,210.0
2023-09-11,Riyadh,Electronics,115.0
2023-09-12,Riyadh,Electronics,121.0
2023-09-13,Riyadh,Electronics,132.0
2023-09-14,Riyadh,Electronics,107.0
2023-09-15,Riyadh,Electronics,131.0
2023-09-16,Riyadh,Electronics,150.0
2023-09-17,Riyadh,Electronics,129.0
2023-09-18,Riyadh,Electronics,111.0
2023-09-19,Riyadh,Electronics,77.0
2023-09-20,Riyadh,Electronics,125.0
2023-09-21,Riyadh,Electronics,102.0
2023-09-22,Riyadh,Electronics,151.0
2023-09-23,Riyadh,Electronics,156.0
2023-09-24,Riyadh,Electronics,156.0
2023-09-25,Riyadh,Electronics,93.0
2023-09-26,Riyadh,Electronics,124.0
2023-09-27,Riyadh,Electronics,102.0
2023-09-28,Riyadh,Electronics,113.0
2023-09-29,Riyadh,Electronics,106.0
2023-09-30,Riyadh,Electronics,154.0
2023-10-01,Riyadh,Electronics,172.0
2023-10-02,Riyadh,Electronics,146.0
2023-10-03,Riyadh,Electronics,78.0
2023-10-04,Riyadh,Electronics,113.0
2023-10-05,Riyadh,Electronics,91.0
2023-10-06,Riyadh,Electronics,124.0
2023-10-07,Riyadh,Electronics,239.0
2023-10-08,Riyadh,Electronics,193.0
2023-10-09,Riyadh,Electronics,105.0
2023-10-10,Riyadh,Electronics,134.0
2023-10-11,Riyadh,Electronics,97.0
2023-10-12,Riyadh,Electronics,112.0
2023-10-13,Riyadh,Electronics,109.0
2023-10-14,Riyadh,Electronics,161.0
2023-10-15,Riyadh,Electronics,153.0
2023-10-16,Riyadh,Electronics,88.0
2023-10-17,Riyadh,Electronics,87.0
2023-10-18,Riyadh,Electronics,127.0
2023-10-19,Riyadh,Electronics,110.0
2023-10-20,Riyadh,Electronics,125.0
2023-10-21,Riyadh,Electronics,183.0
2023-10-22,Riyadh,Electronics,183.0
2023-10-23,Riyadh,Electronics,105.0
2023-10-24,Riyadh,Electronics,97.0
2023-10-25,Riyadh,Electronics,140.0
2023-10-26,Riyadh,Electronics,100.0
2023-10-27,Riyadh,Electronics,129.0
2023-10-28,Riyadh,Electronics,166.0
2023-10-29,Riyadh,Electronics,131.0
2023-10-30,Riyadh,Electronics,66.0
2023-10-31,Riyadh,Electronics,78.0
2023-11-01,Riyadh,Electronics,112.0
2023-11-02,Riyadh,Electronics,80.0
2023-11-03,Riyadh,Electronics,121.0
2023-11-04,Riyadh,Electronics,133.0
2023-11-05,Riyadh,Electronics,193.0
2023-11-06,Riyadh,Electronics,105.0
2023-11-07,Riyadh,Electronics,95.0
2023-11-08,Riyadh,Electronics,88.0
2023-11-09,Riyadh,Electronics,98.0
2023-11-10,Riyadh,Electronics,118.0
2023-11-11,Riyadh,Electronics,195.0
2023-11-12,Riyadh,Electronics,143.0
2023-11-13,Riyadh,Electronics,95.0
2023-11-14,Riyadh,Electronics,127.0
2023-11-15,Riyadh,Electronics,118.0
2023-11-16,Riyadh,Electronics,98.0
2023-11-17,Riyadh,Electronics,134.0
2023-11-18,Riyadh,Electronics,169.0
2023-11-19,Riyadh,Electronics,159.0
2023-11-20,Riyadh,Electronics,193.0
2023-11-21,Riyadh,Electronics,217.0
2023-11-22,Riyadh,Electronics,155.0
2023-11-23,Riyadh,Electronics,131.0
2023-11-24,Riyadh,Electronics,130.0
2023-11-25,Riyadh,Electronics,207.0
2023-11-26,Riyadh,Electronics,142.0
2023-11-27,Riyadh,Electronics,103.0
2023-11-28,Riyadh,Electronics,106.0
2023-11-29,Riyadh,Electronics,123.0
2023-11-30,Riyadh,Electronics,129.0
2023-12-01,Riyadh,Electronics,147.0
2023-12-02,Riyadh,Electronics,232.0
2023-12-03,Riyadh,Electronics,229.0
2023-12-04,Riyadh,Electronics,114.0
2023-12-05,Riyadh,Electronics,161.0
2023-12-06,Riyadh,Electronics,153.0
2023-12-07,Riyadh,Electronics,137.0
2023-12-08,Riyadh,Electronics,99.0
2023-12-09,Riyadh,Electronics,226.0
2023-12-10,Riyadh,Electronics,198.0
2023-12-11,Riyadh,Electronics,102.0
2023-12-12,Riyadh,Electronics,101.0
2023-12-13,Riyadh,Electronics,110.0
2023-12-14,Riyadh,Electronics,128.0
2023-12-15,Riyadh,Electronics,144.0
2023-12-16,Riyadh,Electronics,195.0
2023-12-17,Riyadh,Electronics,217.0
2023-12-18,Riyadh,Electronics,123.0
2023-12-19,Riyadh,Electronics,122.0
2023-12-20,Riyadh,Electronics,143.0
2023-12-21,Riyadh,Electronics,142.0
2023-12-22,Riyadh,Electronics,155.0
2023-12-23,Riyadh,Electronics,196.0
2023-12-24,Riyadh,Electronics,223.0
2023-12-25,Riyadh,Electronics,148.0
2023-12-26,Riyadh,Electronics,89.0
2023-12-27,Riyadh,Electronics,145.0
2023-12-28,Riyadh,Electronics,135.0
2023-12-29,Riyadh,Electronics,200.0
2023-12-30,Riyadh,Electronics,266.0
2023-12-31,Riyadh,Electronics,197.0
2024-01-01,Riyadh,Electronics,134.0
2024-01-02,Riyadh,Electronics,164.0
2024-01-03,Riyadh,Electronics,157.0
2024-01-04,Riyadh,Electronics,106.0
2024-01-05,Riyadh,Electronics,152.0
2024-01-06,Riyadh,Electronics,236.0
2024-01-07,Riyadh,Electronics,229.0
2024-01-08,Riyadh,Electronics,112.0
2024-01-09,Riyadh,Electronics,146.0
2024-01-10,Riyadh,Electronics,134.0
2024-01-11,Riyadh,Electronics,185.0
2024-01-12,Riyadh,Electronics,105.0
2024-01-13,Riyadh,Electronics,210.0
2024-01-14,Riyadh,Electronics,240.0
2024-01-15,Riyadh,Electronics,154.0
2024-01-16,Riyadh,Electronics,173.0
2024-01-17,Riyadh,Electronics,143.0
2024-01-18,Riyadh,Electronics,179.0
2024-01-19,Riyadh,Electronics,201.0
2024-01-20,Riyadh,Electronics,232.0
2024-01-21,Riyadh,Electronics,274.0
2024-01-22,Riyadh,Electronics,148.0
2024-01-23,Riyadh,Electronics,126.0
2024-01-24,Riyadh,Electronics,150.0
2024-01-25,Riyadh,Electronics,146.0
2024-01-26,Riyadh,Electronics,207.0
2024-01-27,Riyadh,Electronics,404.0
2024-01-28,Riyadh,Electronics,335.0
2024-01-29,Riyadh,Electronics,173.0
2024-01-30,Riyadh,Electronics,147.0
2024-01-31,Riyadh,Electronics,109.0
2024-02-01,Riyadh,Electronics,182.0
2024-02-02,Riyadh,Electronics,169.0
2024-02-03,Riyadh,Electronics,264.0
2024-02-04,Riyadh,Electronics,245.0
2024-02-05,Riyadh,Electronics,157.0
2024-02-06,Riyadh,Electronics,219.0
2024-02-07,Riyadh,Electronics,297.0
2024-02-08,Riyadh,Electronics,161.0
2024-02-09,Riyadh,Electronics,335.0
2024-02-10,Riyadh,Electronics,235.0
2024-02-11,Riyadh,Electronics,231.0
2024-02-12,Riyadh,Electronics,118.0
2024-02-13,Riyadh,Electronics,176.0
2024-02-14,Riyadh,Electronics,160.0
2024-02-15,Riyadh,Electronics,171.0
2024-02-16,Riyadh,Electronics,196.0
2024-02-17,Riyadh,Electronics,236.0
2024-02-18,Riyadh,Electronics,320.0
2024-02-19,Riyadh,Electronics,178.0
2024-02-20,Riyadh,Electronics,216.0
2024-02-21,Riyadh,Electronics,187.0
2024-02-22,Riyadh,Electronics,170.0
2024-02-23,Riyadh,Electronics,148.0
2024-02-24,Riyadh,Electronics,232.0
2024-02-25,Riyadh,Electronics,309.0
2024-02-26,Riyadh,Electronics,178.0
2024-02-27,Riyadh,Electronics,183.0
2024-02-28,Riyadh,Electronics,189.0
2024-02-29,Riyadh,Electronics,218.0
2024-03-01,Riyadh,Electronics,205.0
2024-03-02,Riyadh,Electronics,272.0
2024-03-03,Riyadh,Electronics,287.0
2024-03-04,Riyadh,Electronics,185.0
2024-03-05,Riyadh,Electronics,154.0
2024-03-06,Riyadh,Electronics,189.0
2024-03-07,Riyadh,Electronics,186.0
2024-03-08,Riyadh,Electronics,189.0
2024-03-09,Riyadh,Electronics,266.0
2024-03-10,Riyadh,Electronics,236.0
2024-03-11,Riyadh,Electronics,164.0
2024-03-12,Riyadh,Electronics,160.0
2024-03-13,Riyadh,Electronics,160.0
2024-03-14,Riyadh,Electronics,172.0
2024-03-15,Riyadh,Electronics,194.0
2024-03-16,Riyadh,Electronics,501.0
2024-03-17,Riyadh,Electronics,491.0
2024-03-18,Riyadh,Electronics,271.0
2024-03-19,Riyadh,Electronics,183.0
2024-03-20,Riyadh,Electronics,145.0
2024-03-21,Riyadh,Electronics,156.0
2024-03-22,Riyadh,Electronics,189.0
2024-03-23,Riyadh,Electronics,245.0
2024-03-24,Riyadh,Electronics,285.0
2024-03-25,Riyadh,Electronics,190.0
2024-03-26,Riyadh,Electronics,157.0
2024-03-27,Riyadh,Electronics,201.0
2024-03-28,Riyadh,Electronics,152.0
2024-03-29,Riyadh,Electronics,225.0
2024-03-30,Riyadh,Electronics,406.0
2024-03-31,Riyadh,Electronics,418.0
2024-04-01,Riyadh,Electronics,191.0
2024-04-02,Riyadh,Electronics,222.0
2024-04-03,Riyadh,Electronics,211.0
2024-04-04,Riyadh,Electronics,285.0
2024-04-05,Riyadh,Electronics,283.0
2024-04-06,Riyadh,Electronics,467.0
2024-04-07,Riyadh,Electronics,380.0
2024-04-08,Riyadh,Electronics,197.0
2024-04-09,Riyadh,Electronics,160.0
2024-04-10,Riyadh,Electronics,197.0
2024-04-11,Riyadh,Electronics,128.0
2024-04-12,Riyadh,Electronics,230.0
2024-04-13,Riyadh,Electronics,308.0
2024-04-14,Riyadh,Electronics,292.0
2024-04-15,Riyadh,Electronics,173.0
2024-04-16,Riyadh,Electronics,171.0
2024-04-17,Riyadh,Electronics,150.0
2024-04-18,Riyadh,Electronics,168.0
2024-04-19,Riyadh,Electronics,187.0
2024-04-20,Riyadh,Electronics,255.0
2024-04-21,Riyadh,Electronics,218.0
2024-04-22,Riyadh,Electronics,140.0
2024-04-23,Riyadh,Electronics,136.0
2024-04-24,Riyadh,Electronics,137.0
2024-04-25,Riyadh,Electronics,209.0
2024-04-26,Riyadh,Electronics,179.0
2024-04-27,Riyadh,Electronics,284.0
2024-04-28,Riyadh,Electronics,211.0
2024-04-29,Riyadh,Electronics,245.0
2024-04-30,Riyadh,Electronics,271.0
2024-05-01,Riyadh,Electronics,221.0
2024-05-02,Riyadh,Electronics,176.0
2024-05-03,Riyadh,Electronics,160.0
2024-05-04,Riyadh,Electronics,249.0
2024-05-05,Riyadh,Electronics,223.0
2024-05-06,Riyadh,Electronics,149.0
2024-05-07,Riyadh,Electronics,154.0
2024-05-08,Riyadh,Electronics,186.0
2024-05-09,Riyadh,Electronics,162.0
2024-05-10,Riyadh,Electronics,159.0
2024-05-11,Riyadh,Electronics,292.0
2024-05-12,Riyadh,Electronics,408.0
2024-05-13,Riyadh,Electronics,212.0
2024-05-14,Riyadh,Electronics,134.0
2024-05-15,Riyadh,Electronics,151.0
2024-05-16,Riyadh,Electronics,150.0
2024-05-17,Riyadh,Electronics,205.0
2024-05-18,Riyadh,Electronics,178.0
2024-05-19,Riyadh,Electronics,221.0
2024-05-20,Riyadh,Electronics,152.0
2024-05-21,Riyadh,Electronics,129.0
2024-05-22,Riyadh,Electronics,195.0
2024-05-23,Riyadh,Electronics,146.0
2024-05-24,Riyadh,Electronics,220.0
2024-05-25,Riyadh,Electronics,311.0
2024-05-26,Riyadh,Electronics,213.0
2024-05-27,Riyadh,Electronics,163.0
2024-05-28,Riyadh,Electronics,157.0
2024-05-29,Riyadh,Electronics,177.0
2024-05-30,Riyadh,Electronics,152.0
2024-05-31,Riyadh,Electronics,155.0
2024-06-01,Riyadh,Electronics,231.0
2024-06-02,Riyadh,Electronics,198.0
2024-06-03,Riyadh,Electronics,187.0
2024-06-04,Riyadh,Electronics,180.0
2024-06-05,Riyadh,Electronics,117.0
2024-06-06,Riyadh,Electronics,142.0
2024-06-07,Riyadh,Electronics,163.0
2024-06-08,Riyadh,Electronics,251.0
2024-06-09,Riyadh,Electronics,173.0
2024-06-10,Riyadh,Electronics,122.0
2024-06-11,Riyadh,Electronics,103.0
2024-06-12,Riyadh,Electronics,122.0
2024-06-13,Riyadh,Electronics,139.0
2024-06-14,Riyadh,Electronics,181.0
2024-06-15,Riyadh,Electronics,284.0
2024-06-16,Riyadh,Electronics,219.0
2024-06-17,Riyadh,Electronics,113.0
2024-06-18,Riyadh,Electronics,149.0
2024-06-19,Riyadh,Electronics,165.0
2024-06-20,Riyadh,Electronics,131.0
2024-06-21,Riyadh,Electronics,189.0
2024-06-22,Riyadh,Electronics,223.0
2024-06-23,Riyadh,Electronics,204.0
2024-06-24,Riyadh,Electronics,143.0
2024-06-25,Riyadh,Electronics,128.0
2024-06-26,Riyadh,Electronics,144.0
2024-06-27,Riyadh,Electronics,111.0
2024-06-28,Riyadh,Electronics,324.0
2024-06-29,Riyadh,Electronics,347.0
2024-06-30,Riyadh,Electronics,212.0
2024-07-01,Riyadh,Electronics,124.0
2024-07-02,Riyadh,Electronics,137.0
2024-07-03,Riyadh,Electronics,141.0
2024-07-04,Riyadh,Electronics,171.0
2024-07-05,Riyadh,Electronics,160.0
2024-07-06,Riyadh,Electronics,287.0
2024-07-07,Riyadh,Electronics,210.0
2024-07-08,Riyadh,Electronics,277.0
2024-07-09,Riyadh,Electronics,228.0
2024-07-10,Riyadh,Electronics,260.0
2024-07-11,Riyadh,Electronics,144.0
2024-07-12,Riyadh,Electronics,207.0
2024-07-13,Riyadh,Electronics,295.0
2024-07-14,Riyadh,Electronics,250.0
2024-07-15,Riyadh,Electronics,135.0
2024-07-16,Riyadh,Electronics,171.0
2024-07-17,Riyadh,Electronics,167.0
2024-07-18,Riyadh,Electronics,173.0
2024-07-19,Riyadh,Electronics,168.0
2024-07-20,Riyadh,Electronics,267.0
2024-07-21,Riyadh,Electronics,210.0
2024-07-22,Riyadh,Electronics,128.0
2024-07-23,Riyadh,Electronics,128.0
2024-07-24,Riyadh,Electronics,145.0
2024-07-25,Riyadh,Electronics,153.0
2024-07-26,Riyadh,Electronics,143.0
2024-07-27,Riyadh,Electronics,266.0
2024-07-28,Riyadh,Electronics,197.0
2024-07-29,Riyadh,Electronics,95.0
2024-07-30,Riyadh,Electronics,139.0
2024-07-31,Riyadh,Electronics,154.0
2024-08-01,Riyadh,Electronics,137.0
2024-08-02,Riyadh,Electronics,192.0
2024-08-03,Riyadh,Electronics,248.0
2024-08-04,Riyadh,Electronics,264.0
2024-08-05,Riyadh,Electronics,156.0
2024-08-06,Riyadh,Electronics,139.0
2024-08-07,Riyadh,Electronics,136.0
2024-08-08,Riyadh,Electronics,113.0
2024-08-09,Riyadh,Electronics,172.0
2024-08-10,Riyadh,Electronics,234.0
2024-08-11,Riyadh,Electronics,241.0
2024-08-12,Riyadh,Electronics,147.0
2024-08-13,Riyadh,Electronics,82.0
2024-08-14,Riyadh,Electronics,145.0
2024-08-15,Riyadh,Electronics,170.0
2024-08-16,Riyadh,Electronics,187.0
2024-08-17,Riyadh,Electronics,197.0
2024-08-18,Riyadh,Electronics,202.0
2024-08-19,Riyadh,Electronics,130.0
2024-08-20,Riyadh,Electronics,149.0
2024-08-21,Riyadh,Electronics,146.0
2024-08-22,Riyadh,Electronics,157.0
2024-08-23,Riyadh,Electronics,158.0
2024-08-24,Riyadh,Electronics,211.0
2024-08-25,Riyadh,Electronics,254.0
2024-08-26,Riyadh,Electronics,144.0
2024-08-27,Riyadh,Electronics,83.0
2024-08-28,Riyadh,Electronics,124.0
2024-08-29,Riyadh,Electronics,140.0
2024-08-30,Riyadh,Electronics,149.0
2024-08-31,Riyadh,Electronics,212.0
2024-09-01,Riyadh,Electronics,214.0
2024-09-02,Riyadh,Electronics,149.0
2024-09-03,Riyadh,Electronics,115.0
2024-09-04,Riyadh,Electronics,113.0
2024-09-05,Riyadh,Electronics,135.0
2024-09-06,Riyadh,Electronics,100.0
2024-09-07,Riyadh,Electronics,263.0
2024-09-08,Riyadh,Electronics,207.0
2024-09-09,Riyadh,Electronics,125.0
2024-09-10,Riyadh,Electronics,115.0
2024-09-11,Riyadh,Electronics,141.0
2024-09-12,Riyadh,Electronics,119.0
2024-09-13,Riyadh,Electronics,178.0
2024-09-14,Riyadh,Electronics,211.0
2024-09-15,Riyadh,Electronics,123.0
2024-09-16,Riyadh,Electronics,135.0
2024-09-17,Riyadh,Electronics,164.0
2024-09-18,Riyadh,Electronics,127.0
2024-09-19,Riyadh,Electronics,112.0
2024-09-20,Riyadh,Electronics,140.0
2024-09-21,Riyadh,Electronics,204.0
2024-09-22,Riyadh,Electronics,216.0
2024-09-23,Riyadh,Electronics,103.0
2024-09-24,Riyadh,Electronics,130.0
2024-09-25,Riyadh,Electronics,105.0
2024-09-26,Riyadh,Electronics,134.0
2024-09-27,Riyadh,Electronics,141.0
2024-09-28,Riyadh,Electronics,176.0
2024-09-29,Riyadh,Electronics,228.0
2024-09-30,Riyadh,Electronics,135.0
2024-10-01,Riyadh,Electronics,110.0
2024-10-02,Riyadh,Electronics,99.0
2024-10-03,Riyadh,Electronics,152.0
2024-10-04,Riyadh,Electronics,157.0
2024-10-05,Riyadh,Electronics,207.0
2024-10-06,Riyadh,Electronics,181.0
2024-10-07,Riyadh,Electronics,133.0
2024-10-08,Riyadh,Electronics,167.0
2024-10-09,Riyadh,Electronics,125.0
2024-10-10,Riyadh,Electronics,135.0
2024-10-11,Riyadh,Electronics,159.0
2024-10-12,Riyadh,Electronics,169.0
2024-10-13,Riyadh,Electronics,176.0
2024-10-14,Riyadh,Electronics,98.0
2024-10-15,Riyadh,Electronics,141.0
2024-10-16,Riyadh,Electronics,105.0
2024-10-17,Riyadh,Electronics,125.0
2024-10-18,Riyadh,Electronics,97.0
2024-10-19,Riyadh,Electronics,228.0
2024-10-20,Riyadh,Electronics,193.0
2024-10-21,Riyadh,Electronics,148.0
2024-10-22,Riyadh,Electronics,94.0
2024-10-23,Riyadh,Electronics,150.0
2024-10-24,Riyadh,Electronics,190.0
2024-10-25,Riyadh,Electronics,246.0
2024-10-26,Riyadh,Electronics,292.0
2024-10-27,Riyadh,Electronics,230.0
2024-10-28,Riyadh,Electronics,122.0
2024-10-29,Riyadh,Electronics,126.0
2024-10-30,Riyadh,Electronics,114.0
2024-10-31,Riyadh,Electronics,104.0
2024-11-01,Riyadh,Electronics,147.0
2024-11-02,Riyadh,Electronics,232.0
2024-11-03,Riyadh,Electronics,179.0
2024-11-04,Riyadh,Electronics,110.0
2024-11-05,Riyadh,Electronics,105.0
2024-11-06,Riyadh,Electronics,140.0
2024-11-07,Riyadh,Electronics,132.0
2024-11-08,Riyadh,Electronics,143.0
2024-11-09,Riyadh,Electronics,188.0
2024-11-10,Riyadh,Electronics,174.0
2024-11-11,Riyadh,Electronics,131.0
2024-11-12,Riyadh,Electronics,97.0
2024-11-13,Riyadh,Electronics,113.0
2024-11-14,Riyadh,Electronics,103.0
2024-11-15,Riyadh,Electronics,94.0
2024-11-16,Riyadh,Electronics,275.0
2024-11-17,Riyadh,Electronics,223.0
2024-11-18,Riyadh,Electronics,112.0
2024-11-19,Riyadh,Electronics,93.0
2024-11-20,Riyadh,Electronics,119.0
2024-11-21,Riyadh,Electronics,130.0
2024-11-22,Riyadh,Electronics,136.0
2024-11-23,Riyadh,Electronics,202.0
2024-11-24,Riyadh,Electronics,222.0
2024-11-25,Riyadh,Electronics,134.0
2024-11-26,Riyadh,Electronics,108.0
2024-11-27,Riyadh,Electronics,148.0
2024-11-28,Riyadh,Electronics,133.0
2024-11-29,Riyadh,Electronics,152.0
2024-11-30,Riyadh,Electronics,168.0
2024-12-01,Riyadh,Electronics,173.0
2024-12-02,Riyadh,Electronics,135.0
2024-12-03,Riyadh,Electronics,96.0
2024-12-04,Riyadh,Electronics,125.0
2024-12-05,Riyadh,Electronics,156.0
2024-12-06,Riyadh,Electronics,167.0
2024-12-07,Riyadh,Electronics,243.0
2024-12-08,Riyadh,Electronics,207.0
2024-12-09,Riyadh,Electronics,146.0
2024-12-10,Riyadh,Electronics,97.0
2024-12-11,Riyadh,Electronics,132.0
2024-12-12,Riyadh,Electronics,86.0
2024-12-13,Riyadh,Electronics,169.0
2024-12-14,Riyadh,Electronics,212.0
2024-12-15,Riyadh,Electronics,202.0
2024-12-16,Riyadh,Electronics,157.0
2024-12-17,Riyadh,Electronics,192.0
2024-12-18,Riyadh,Electronics,109.0
2024-12-19,Riyadh,Electronics,141.0
2024-12-20,Riyadh,Electronics,180.0
2024-12-21,Riyadh,Electronics,227.0
2024-12-22,Riyadh,Electronics,272.0
2024-12-23,Riyadh,Electronics,145.0
2024-12-24,Riyadh,Electronics,146.0
2024-12-25,Riyadh,Electronics,167.0
2024-12-26,Riyadh,Electronics,193.0
2024-12-27,Riyadh,Electronics,191.0
2024-12-28,Riyadh,Electronics,284.0
2024-12-29,Riyadh,Electronics,226.0
2024-12-30,Riyadh,Electronics,145.0
2024-12-31,Riyadh,Electronics,170.0
2025-01-01,Riyadh,Electronics,179.0
2025-01-02,Riyadh,Electronics,171.0
2025-01-03,Riyadh,Electronics,190.0
2025-01-04,Riyadh,Electronics,291.0
2025-01-05,Riyadh,Electronics,248.0
2025-01-06,Riyadh,Electronics,163.0
2025-01-07,Riyadh,Electronics,178.0
2025-01-08,Riyadh,Electronics,131.0
2025-01-09,Riyadh,Electronics,140.0
2025-01-10,Riyadh,Electronics,176.0
2025-01-11,Riyadh,Electronics,240.0
2025-01-12,Riyadh,Electronics,212.0
2025-01-13,Riyadh,Electronics,140.0
2025-01-14,Riyadh,Electronics,166.0
2025-01-15,Riyadh,Electronics,119.0
2025-01-16,Riyadh,Electronics,143.0
2025-01-17,Riyadh,Electronics,187.0
2025-01-18,Riyadh,Electronics,271.0
2025-01-19,Riyadh,Electronics,289.0
2025-01-20,Riyadh,Electronics,165.0
2025-01-21,Riyadh,Electronics,143.0
2025-01-22,Riyadh,Electronics,174.0
2025-01-23,Riyadh,Electronics,213.0
2025-01-24,Riyadh,Electronics,227.0
2025-01-25,Riyadh,Electronics,256.0
2025-01-26,Riyadh,Electronics,301.0
2025-01-27,Riyadh,Electronics,135.0
2025-01-28,Riyadh,Electronics,125.0
2025-01-29,Riyadh,Electronics,125.0
2025-01-30,Riyadh,Electronics,185.0
2025-01-31,Riyadh,Electronics,224.0
2025-02-01,Riyadh,Electronics,305.0
2025-02-02,Riyadh,Electronics,288.0
2025-02-03,Riyadh,Electronics,133.0
2025-02-04,Riyadh,Electronics,204.0
2025-02-05,Riyadh,Electronics,188.0
2025-02-06,Riyadh,Electronics,178.0
2025-02-07,Riyadh,Electronics,202.0
2025-02-08,Riyadh,Electronics,261.0
2025-02-09,Riyadh,Electronics,302.0
2025-02-10,Riyadh,Electronics,137.0
2025-02-11,Riyadh,Electronics,148.0
2025-02-12,Riyadh,Electronics,152.0
2025-02-13,Riyadh,Electronics,151.0
2025-02-14,Riyadh,Electronics,184.0
2025-02-15,Riyadh,Electronics,440.0
2025-02-16,Riyadh,Electronics,449.0
2025-02-17,Riyadh,Electronics,258.0
2025-02-18,Riyadh,Electronics,180.0
2025-02-19,Riyadh,Electronics,230.0
2025-02-20,Riyadh,Electronics,187.0
2025-02-21,Riyadh,Electronics,228.0
2025-02-22,Riyadh,Electronics,316.0
2025-02-23,Riyadh,Electronics,328.0
2025-02-24,Riyadh,Electronics,179.0
2025-02-25,Riyadh,Electronics,174.0
2025-02-26,Riyadh,Electronics,174.0
2025-02-27,Riyadh,Electronics,216.0
2025-02-28,Riyadh,Electronics,228.0
2025-03-01,Riyadh,Electronics,309.0
2025-03-02,Riyadh,Electronics,306.0
2025-03-03,Riyadh,Electronics,141.0
2025-03-04,Riyadh,Electronics,194.0
2025-03-05,Riyadh,Electronics,188.0
2025-03-06,Riyadh,Electronics,198.0
2025-03-07,Riyadh,Electronics,251.0
2025-03-08,Riyadh,Electronics,336.0
2025-03-09,Riyadh,Electronics,339.0
2025-03-10,Riyadh,Electronics,157.0
2025-03-11,Riyadh,Electronics,236.0
2025-03-12,Riyadh,Electronics,201.0
2025-03-13,Riyadh,Electronics,224.0
2025-03-14,Riyadh,Electronics,340.0
2025-03-15,Riyadh,Electronics,418.0
2025-03-16,Riyadh,Electronics,656.0
2025-03-17,Riyadh,Electronics,279.0
2025-03-18,Riyadh,Electronics,230.0
2025-03-19,Riyadh,Electronics,315.0
2025-03-20,Riyadh,Electronics,320.0
2025-03-21,Riyadh,Electronics,378.0
2025-03-22,Riyadh,Electronics,536.0
2025-03-23,Riyadh,Electronics,485.0
2025-03-24,Riyadh,Electronics,273.0
2025-03-25,Riyadh,Electronics,294.0
2025-03-26,Riyadh,Electronics,235.0
2025-03-27,Riyadh,Electronics,277.0
2025-03-28,Riyadh,Electronics,287.0
2025-03-29,Riyadh,Electronics,354.0
2025-03-30,Riyadh,Electronics,362.0
2025-03-31,Riyadh,Electronics,171.0
2025-04-01,Riyadh,Electronics,193.0
2025-04-02,Riyadh,Electronics,191.0
2025-04-03,Riyadh,Electronics,204.0
2025-04-04,Riyadh,Electronics,190.0
2025-04-05,Riyadh,Electronics,303.0
2025-04-06,Riyadh,Electronics,270.0
2025-04-07,Riyadh,Electronics,167.0
2025-04-08,Riyadh,Electronics,204.0
2025-04-09,Riyadh,Electronics,112.0
2025-04-10,Riyadh,Electronics,167.0
2025-04-11,Riyadh,Electronics,174.0
2025-04-12,Riyadh,Electronics,269.0
2025-04-13,Riyadh,Electronics,361.0
2025-04-14,Riyadh,Electronics,176.0
2025-04-15,Riyadh,Electronics,141.0
2025-04-16,Riyadh,Electronics,146.0
2025-04-17,Riyadh,Electronics,175.0
2025-04-18,Riyadh,Electronics,205.0
2025-04-19,Riyadh,Electronics,340.0
2025-04-20,Riyadh,Electronics,319.0
2025-04-21,Riyadh,Electronics,203.0
2025-04-22,Riyadh,Electronics,153.0
2025-04-23,Riyadh,Electronics,188.0
2025-04-24,Riyadh,Electronics,183.0
2025-04-25,Riyadh,Electronics,203.0
2025-04-26,Riyadh,Electronics,277.0
2025-04-27,Riyadh,Electronics,296.0
2025-04-28,Riyadh,Electronics,211.0
2025-04-29,Riyadh,Electronics,182.0
2025-04-30,Riyadh,Electronics,225.0
2025-05-01,Riyadh,Electronics,209.0
2025-05-02,Riyadh,Electronics,260.0
2025-05-03,Riyadh,Electronics,335.0
2025-05-04,Riyadh,Electronics,311.0
2025-05-05,Riyadh,Electronics,195.0
2025-05-06,Riyadh,Electronics,175.0
2025-05-07,Riyadh,Electronics,158.0
2025-05-08,Riyadh,Electronics,171.0
2025-05-09,Riyadh,Electronics,215.0
2025-05-10,Riyadh,Electronics,247.0
2025-05-11,Riyadh,Electronics,232.0
2025-05-12,Riyadh,Electronics,153.0
2025-05-13,Riyadh,Electronics,197.0
2025-05-14,Riyadh,Electronics,185.0
2025-05-15,Riyadh,Electronics,197.0
2025-05-16,Riyadh,Electronics,221.0
2025-05-17,Riyadh,Electronics,287.0
2025-05-18,Riyadh,Electronics,275.0
2025-05-19,Riyadh,Electronics,124.0
2025-05-20,Riyadh,Electronics,185.0
2025-05-21,Riyadh,Electronics,202.0
2025-05-22,Riyadh,Electronics,176.0
2025-05-23,Riyadh,Electronics,186.0
2025-05-24,Riyadh,Electronics,265.0
2025-05-25,Riyadh,Electronics,195.0
2025-05-26,Riyadh,Electronics,136.0
2025-05-27,Riyadh,Electronics,153.0
2025-05-28,Riyadh,Electronics,198.0
2025-05-29,Riyadh,Electronics,146.0
2025-05-30,Riyadh,Electronics,229.0
2025-05-31,Riyadh,Electronics,312.0
2025-06-01,Riyadh,Electronics,280.0
2025-06-02,Riyadh,Electronics,156.0
2025-06-03,Riyadh,Electronics,132.0
2025-06-04,Riyadh,Electronics,160.0
2025-06-05,Riyadh,Electronics,132.0
2025-06-06,Riyadh,Electronics,195.0
2025-06-07,Riyadh,Electronics,260.0
2025-06-08,Riyadh,Electronics,242.0
2025-06-09,Riyadh,Electronics,127.0
2025-06-10,Riyadh,Electronics,186.0
2025-06-11,Riyadh,Electronics,140.0
2025-06-12,Riyadh,Electronics,162.0
2025-06-13,Riyadh,Electronics,203.0
2025-06-14,Riyadh,Electronics,217.0
2025-06-15,Riyadh,Electronics,241.0
2025-06-16,Riyadh,Electronics,169.0
2025-06-17,Riyadh,Electronics,152.0
2025-06-18,Riyadh,Electronics,153.0
2025-06-19,Riyadh,Electronics,142.0
2025-06-20,Riyadh,Electronics,190.0
2025-06-21,Riyadh,Electronics,309.0
2025-06-22,Riyadh,Electronics,276.0
2025-06-23,Riyadh,Electronics,156.0
2025-06-24,Riyadh,Electronics,207.0
2025-06-25,Riyadh,Electronics,174.0
2025-06-26,Riyadh,Electronics,179.0
2025-06-27,Riyadh,Electronics,136.0
2025-06-28,Riyadh,Electronics,310.0
2025-06-29,Riyadh,Electronics,284.0
2025-06-30,Riyadh,Electronics,172.0
2025-07-01,Riyadh,Electronics,175.0
2025-07-02,Riyadh,Electronics,124.0
2025-07-03,Riyadh,Electronics,148.0
2025-07-04,Riyadh,Electronics,176.0
2025-07-05,Riyadh,Electronics,287.0
2025-07-06,Riyadh,Electronics,178.0
2025-07-07,Riyadh,Electronics,181.0
2025-07-08,Riyadh,Electronics,168.0
2025-07-09,Riyadh,Electronics,172.0
2025-07-10,Riyadh,Electronics,172.0
2025-07-11,Riyadh,Electronics,178.0
2025-07-12,Riyadh,Electronics,322.0
2025-07-13,Riyadh,Electronics,310.0
2025-07-14,Riyadh,Electronics,129.0
2025-07-15,Riyadh,Electronics,168.0
2025-07-16,Riyadh,Electronics,170.0
2025-07-17,Riyadh,Electronics,148.0
2025-07-18,Riyadh,Electronics,214.0
2025-07-19,Riyadh,Electronics,266.0
2025-07-20,Riyadh,Electronics,204.0
2025-07-21,Riyadh,Electronics,134.0
2025-07-22,Riyadh,Electronics,190.0
2025-07-23,Riyadh,Electronics,176.0
2025-07-24,Riyadh,Electronics,107.0
2025-07-25,Riyadh,Electronics,193.0
2025-07-26,Riyadh,Electronics,226.0
2025-07-27,Riyadh,Electronics,200.0
2025-07-28,Riyadh,Electronics,183.0
2025-07-29,Riyadh,Electronics,143.0
2025-07-30,Riyadh,Electronics,147.0
2025-07-31,Riyadh,Electronics,195.0
2025-08-01,Riyadh,Electronics,183.0
2025-08-02,Riyadh,Electronics,276.0
2025-08-03,Riyadh,Electronics,274.0
2025-08-04,Riyadh,Electronics,120.0
2025-08-05,Riyadh,Electronics,130.0
2025-08-06,Riyadh,Electronics,175.0
2025-08-07,Riyadh,Electronics,160.0
2025-08-08,Riyadh,Electronics,178.0
2025-08-09,Riyadh,Electronics,215.0
2025-08-10,Riyadh,Electronics,191.0
2025-08-11,Riyadh,Electronics,198.0
2025-08-12,Riyadh,Electronics,164.0
2025-08-13,Riyadh,Electronics,186.0
2025-08-14,Riyadh,Electronics,128.0
2025-08-15,Riyadh,Electronics,199.0
2025-08-16,Riyadh,Electronics,258.0
2025-08-17,Riyadh,Electronics,216.0
2025-08-18,Riyadh,Electronics,181.0
2025-08-19,Riyadh,Electronics,148.0
2025-08-20,Riyadh,Electronics,167.0
2025-08-21,Riyadh,Electronics,154.0
2025-08-22,Riyadh,Electronics,198.0
2025-08-23,Riyadh,Electronics,276.0
2025-08-24,Riyadh,Electronics,253.0
2025-08-25,Riyadh,Electronics,92.0
2025-08-26,Riyadh,Electronics,158.0
2025-08-27,Riyadh,Electronics,144.0
2025-08-28,Riyadh,Electronics,153.0
2025-08-29,Riyadh,Electronics,216.0
2025-08-30,Riyadh,Electronics,231.0
2025-08-31,Riyadh,Electronics,244.0
2025-09-01,Riyadh,Electronics,136.0
2025-09-02,Riyadh,Electronics,146.0
2025-09-03,Riyadh,Electronics,143.0
2025-09-04,Riyadh,Electronics,160.0
2025-09-05,Riyadh,Electronics,158.0
2025-09-06,Riyadh,Electronics,335.0
2025-09-07,Riyadh,Electronics,287.0
2025-09-08,Riyadh,Electronics,131.0
2025-09-09,Riyadh,Electronics,148.0
2025-09-10,Riyadh,Electronics,170.0
2025-09-11,Riyadh,Electronics,180.0
2025-09-12,Riyadh,Electronics,123.0
2025-09-13,Riyadh,Electronics,287.0
2025-09-14,Riyadh,Electronics,241.0
2025-09-15,Riyadh,Electronics,132.0
2025-09-16,Riyadh,Electronics,132.0
2025-09-17,Riyadh,Electronics,157.0
2025-09-18,Riyadh,Electronics,150.0
2025-09-19,Riyadh,Electronics,163.0
2025-09-20,Riyadh,Electronics,231.0
2025-09-21,Riyadh,Electronics,222.0
2025-09-22,Riyadh,Electronics,120.0
2025-09-23,Riyadh,Electronics,144.0
2025-09-24,Riyadh,Electronics,163.0
2025-09-25,Riyadh,Electronics,183.0
2025-09-26,Riyadh,Electronics,202.0
2025-09-27,Riyadh,Electronics,261.0
2025-09-28,Riyadh,Electronics,240.0
2025-09-29,Riyadh,Electronics,160.0
2025-09-30,Riyadh,Electronics,138.0
2025-10-01,Riyadh,Electronics,128.0
2025-10-02,Riyadh,Electronics,118.0
2025-10-03,Riyadh,Electronics,162.0
2025-10-04,Riyadh,Electronics,188.0
2025-10-05,Riyadh,Electronics,221.0
2025-10-06,Riyadh,Electronics,170.0
2025-10-07,Riyadh,Electronics,151.0
2025-10-08,Riyadh,Electronics,176.0
2025-10-09,Riyadh,Electronics,169.0
2025-10-10,Riyadh,Electronics,152.0
2025-10-11,Riyadh,Electronics,187.0
2025-10-12,Riyadh,Electronics,238.0
2025-10-13,Riyadh,Electronics,132.0
2025-10-14,Riyadh,Electronics,153.0
2025-10-15,Riyadh,Electronics,128.0
2025-10-16,Riyadh,Electronics,168.0
2025-10-17,Riyadh,Electronics,168.0
2025-10-18,Riyadh,Electronics,216.0
2025-10-19,Riyadh,Electronics,241.0
2025-10-20,Riyadh,Electronics,147.0
2025-10-21,Riyadh,Electronics,135.0
2025-10-22,Riyadh,Electronics,111.0
2025-10-23,Riyadh,Electronics,149.0
2025-10-24,Riyadh,Electronics,138.0
2025-10-25,Riyadh,Electronics,244.0
2025-10-26,Riyadh,Electronics,205.0
2025-10-27,Riyadh,Electronics,106.0
2025-10-28,Riyadh,Electronics,138.0
2025-10-29,Riyadh,Electronics,113.0
2025-10-30,Riyadh,Electronics,152.0
2025-10-31,Riyadh,Electronics,166.0
2025-11-01,Riyadh,Electronics,219.0
2025-11-02,Riyadh,Electronics,253.0
2025-11-03,Riyadh,Electronics,138.0
2025-11-04,Riyadh,Electronics,167.0
2025-11-05,Riyadh,Electronics,100.0
2025-11-06,Riyadh,Electronics,145.0
2025-11-07,Riyadh,Electronics,157.0
2025-11-08,Riyadh,Electronics,264.0
2025-11-09,Riyadh,Electronics,181.0
2025-11-10,Riyadh,Electronics,146.0
2025-11-11,Riyadh,Electronics,122.0
2025-11-12,Riyadh,Electronics,151.0
2025-11-13,Riyadh,Electronics,176.0
2025-11-14,Riyadh,Electronics,240.0
2025-11-15,Riyadh,Electronics,220.0
2025-11-16,Riyadh,Electronics,226.0
2025-11-17,Riyadh,Electronics,129.0
2025-11-18,Riyadh,Electronics,112.0
2025-11-19,Riyadh,Electronics,133.0
2025-11-20,Riyadh,Electronics,146.0
2025-11-21,Riyadh,Electronics,142.0
2025-11-22,Riyadh,Electronics,208.0
2025-11-23,Riyadh,Electronics,181.0
2025-11-24,Riyadh,Electronics,125.0
2025-11-25,Riyadh,Electronics,102.0
2025-11-26,Riyadh,Electronics,202.0
2025-11-27,Riyadh,Electronics,171.0
2025-11-28,Riyadh,Electronics,150.0
2025-11-29,Riyadh,Electronics,177.0
2025-11-30,Riyadh,Electronics,225.0
2025-12-01,Riyadh,Electronics,128.0
2025-12-02,Riyadh,Electronics,133.0
2025-12-03,Riyadh,Electronics,150.0
2025-12-04,Riyadh,Electronics,185.0
2025-12-05,Riyadh,Electronics,158.0
2025-12-06,Riyadh,Electronics,297.0
2025-12-07,Riyadh,Electronics,281.0
2025-12-08,Riyadh,Electronics,122.0
2025-12-09,Riyadh,Electronics,124.0
2025-12-10,Riyadh,Electronics,175.0
2025-12-11,Riyadh,Electronics,147.0
2025-12-12,Riyadh,Electronics,184.0
2025-12-13,Riyadh,Electronics,231.0
2025-12-14,Riyadh,Electronics,303.0
2025-12-15,Riyadh,Electronics,142.0
2025-12-16,Riyadh,Electronics,152.0
2025-12-17,Riyadh,Electronics,227.0
2025-12-18,Riyadh,Electronics,276.0
2025-12-19,Riyadh,Electronics,321.0
2025-12-20,Riyadh,Electronics,382.0
2025-12-21,Riyadh,Electronics,278.0
2025-12-22,Riyadh,Electronics,197.0
2025-12-23,Riyadh,Electronics,153.0
2025-12-24,Riyadh,Electronics,188.0
2025-12-25,Riyadh,Electronics,154.0
2025-12-26,Riyadh,Electronics,189.0
2025-12-27,Riyadh,Electronics,296.0
2025-12-28,Riyadh,Electronics,227.0
2025-12-29,Riyadh,Electronics,178.0
2025-12-30,Riyadh,Electronics,171.0
2025-12-31,Riyadh,Electronics,168.0
2023-01-01,Jeddah,Grocery,545.0
2023-01-02,Jeddah,Grocery,536.0
2023-01-03,Jeddah,Grocery,454.0
2023-01-04,Jeddah,Grocery,431.0
2023-01-05,Jeddah,Grocery,453.0
2023-01-06,Jeddah,Grocery,524.0
2023-01-07,Jeddah,Grocery,622.0
2023-01-08,Jeddah,Grocery,528.0
2023-01-09,Jeddah,Grocery,434.0
2023-01-10,Jeddah,Grocery,436.0
2023-01-11,Jeddah,Grocery,489.0
2023-01-12,Jeddah,Grocery,505.0
2023-01-13,Jeddah,Grocery,541.0
2023-01-14,Jeddah,Grocery,752.0
2023-01-15,Jeddah,Grocery,649.0
2023-01-16,Jeddah,Grocery,467.0
2023-01-17,Jeddah,Grocery,472.0
2023-01-18,Jeddah,Grocery,440.0
2023-01-19,Jeddah,Grocery,564.0
2023-01-20,Jeddah,Grocery,545.0
2023-01-21,Jeddah,Grocery,723.0
2023-01-22,Jeddah,Grocery,788.0
2023-01-23,Jeddah,Grocery,535.0
2023-01-24,Jeddah,Grocery,481.0
2023-01-25,Jeddah,Grocery,480.0
2023-01-26,Jeddah,Grocery,526.0
2023-01-27,Jeddah,Grocery,586.0
2023-01-28,Jeddah,Grocery,776.0
2023-01-29,Jeddah,Grocery,569.0
2023-01-30,Jeddah,Grocery,503.0
2023-01-31,Jeddah,Grocery,571.0
2023-02-01,Jeddah,Grocery,527.0
2023-02-02,Jeddah,Grocery,555.0
2023-02-03,Jeddah,Grocery,629.0
2023-02-04,Jeddah,Grocery,774.0
2023-02-05,Jeddah,Grocery,632.0
2023-02-06,Jeddah,Grocery,595.0
2023-02-07,Jeddah,Grocery,514.0
2023-02-08,Jeddah,Grocery,518.0
2023-02-09,Jeddah,Grocery,567.0
2023-02-10,Jeddah,Grocery,640.0
2023-02-11,Jeddah,Grocery,788.0
2023-02-12,Jeddah,Grocery,792.0
2023-02-13,Jeddah,Grocery,528.0
2023-02-14,Jeddah,Grocery,495.0
2023-02-15,Jeddah,Grocery,496.0
2023-02-16,Jeddah,Grocery,597.0
2023-02-17,Jeddah,Grocery,594.0
2023-02-18,Jeddah,Grocery,818.0
2023-02-19,Jeddah,Grocery,736.0
2023-02-20,Jeddah,Grocery,549.0
2023-02-21,Jeddah,Grocery,576.0
2023-02-22,Jeddah,Grocery,561.0
2023-02-23,Jeddah,Grocery,595.0
2023-02-24,Jeddah,Grocery,594.0
2023-02-25,Jeddah,Grocery,749.0
2023-02-26,Jeddah,Grocery,695.0
2023-02-27,Jeddah,Grocery,591.0
2023-02-28,Jeddah,Grocery,565.0
2023-03-01,Jeddah,Grocery,587.0
2023-03-02,Jeddah,Grocery,548.0
2023-03-03,Jeddah,Grocery,605.0
2023-03-04,Jeddah,Grocery,813.0
2023-03-05,Jeddah,Grocery,746.0
2023-03-06,Jeddah,Grocery,654.0
2023-03-07,Jeddah,Grocery,563.0
2023-03-08,Jeddah,Grocery,556.0
2023-03-09,Jeddah,Grocery,577.0
2023-03-10,Jeddah,Grocery,636.0
2023-03-11,Jeddah,Grocery,765.0
2023-03-12,Jeddah,Grocery,752.0
2023-03-13,Jeddah,Grocery,665.0
2023-03-14,Jeddah,Grocery,592.0
2023-03-15,Jeddah,Grocery,528.0
2023-03-16,Jeddah,Grocery,546.0
2023-03-17,Jeddah,Grocery,616.0
2023-03-18,Jeddah,Grocery,893.0
2023-03-19,Jeddah,Grocery,683.0
2023-03-20,Jeddah,Grocery,511.0
2023-03-21,Jeddah,Grocery,529.0
2023-03-22,Jeddah,Grocery,512.0
2023-03-23,Jeddah,Grocery,584.0
2023-03-24,Jeddah,Grocery,581.0
2023-03-25,Jeddah,Grocery,712.0
2023-03-26,Jeddah,Grocery,708.0
2023-03-27,Jeddah,Grocery,541.0
2023-03-28,Jeddah,Grocery,545.0
2023-03-29,Jeddah,Grocery,515.0
2023-03-30,Jeddah,Grocery,527.0
2023-03-31,Jeddah,Grocery,618.0
2023-04-01,Jeddah,Grocery,765.0
2023-04-02,Jeddah,Grocery,669.0
2023-04-03,Jeddah,Grocery,515.0
2023-04-04,Jeddah,Grocery,568.0
2023-04-05,Jeddah,Grocery,553.0
2023-04-06,Jeddah,Grocery,552.0
2023-04-07,Jeddah,Grocery,990.0
2023-04-08,Jeddah,Grocery,1364.0
2023-04-09,Jeddah,Grocery,1334.0
2023-04-10,Jeddah,Grocery,949.0
2023-04-11,Jeddah,Grocery,785.0
2023-04-12,Jeddah,Grocery,777.0
2023-04-13,Jeddah,Grocery,912.0
2023-04-14,Jeddah,Grocery,993.0
2023-04-15,Jeddah,Grocery,1135.0
2023-04-16,Jeddah,Grocery,1383.0
2023-04-17,Jeddah,Grocery,920.0
2023-04-18,Jeddah,Grocery,888.0
2023-04-19,Jeddah,Grocery,945.0
2023-04-20,Jeddah,Grocery,501.0
2023-04-21,Jeddah,Grocery,599.0
2023-04-22,Jeddah,Grocery,693.0
2023-04-23,Jeddah,Grocery,657.0
2023-04-24,Jeddah,Grocery,513.0
2023-04-25,Jeddah,Grocery,488.0
2023-04-26,Jeddah,Grocery,535.0
2023-04-27,Jeddah,Grocery,550.0
2023-04-28,Jeddah,Grocery,581.0
2023-04-29,Jeddah,Grocery,651.0
2023-04-30,Jeddah,Grocery,632.0
2023-05-01,Jeddah,Grocery,558.0
2023-05-02,Jeddah,Grocery,510.0
2023-05-03,Jeddah,Grocery,459.0
2023-05-04,Jeddah,Grocery,531.0
2023-05-05,Jeddah,Grocery,599.0
2023-05-06,Jeddah,Grocery,776.0
2023-05-07,Jeddah,Grocery,614.0
2023-05-08,Jeddah,Grocery,501.0
2023-05-09,Jeddah,Grocery,497.0
2023-05-10,Jeddah,Grocery,468.0
2023-05-11,Jeddah,Grocery,557.0
2023-05-12,Jeddah,Grocery,533.0
2023-05-13,Jeddah,Grocery,649.0
2023-05-14,Jeddah,Grocery,674.0
2023-05-15,Jeddah,Grocery,519.0
2023-05-16,Jeddah,Grocery,491.0
2023-05-17,Jeddah,Grocery,455.0
2023-05-18,Jeddah,Grocery,503.0
2023-05-19,Jeddah,Grocery,538.0
2023-05-20,Jeddah,Grocery,610.0
2023-05-21,Jeddah,Grocery,685.0
2023-05-22,Jeddah,Grocery,478.0
2023-05-23,Jeddah,Grocery,485.0
2023-05-24,Jeddah,Grocery,520.0
2023-05-25,Jeddah,Grocery,507.0
2023-05-26,Jeddah,Grocery,507.0
2023-05-27,Jeddah,Grocery,671.0
2023-05-28,Jeddah,Grocery,627.0
2023-05-29,Jeddah,Grocery,512.0
2023-05-30,Jeddah,Grocery,508.0
2023-05-31,Jeddah,Grocery,492.0
2023-06-01,Jeddah,Grocery,461.0
2023-06-02,Jeddah,Grocery,513.0
2023-06-03,Jeddah,Grocery,727.0
2023-06-04,Jeddah,Grocery,622.0
2023-06-05,Jeddah,Grocery,452.0
2023-06-06,Jeddah,Grocery,415.0
2023-06-07,Jeddah,Grocery,480.0
2023-06-08,Jeddah,Grocery,485.0
2023-06-09,Jeddah,Grocery,529.0
2023-06-10,Jeddah,Grocery,666.0
2023-06-11,Jeddah,Grocery,680.0
2023-06-12,Jeddah,Grocery,483.0
2023-06-13,Jeddah,Grocery,475.0
2023-06-14,Jeddah,Grocery,482.0
2023-06-15,Jeddah,Grocery,440.0
2023-06-16,Jeddah,Grocery,546.0
2023-06-17,Jeddah,Grocery,662.0
2023-06-18,Jeddah,Grocery,615.0
2023-06-19,Jeddah,Grocery,532.0
2023-06-20,Jeddah,Grocery,374.0
2023-06-21,Jeddah,Grocery,466.0
2023-06-22,Jeddah,Grocery,534.0
2023-06-23,Jeddah,Grocery,488.0
2023-06-24,Jeddah,Grocery,669.0
2023-06-25,Jeddah,Grocery,616.0
2023-06-26,Jeddah,Grocery,529.0
2023-06-27,Jeddah,Grocery,451.0
2023-06-28,Jeddah,Grocery,442.0
2023-06-29,Jeddah,Grocery,466.0
2023-06-30,Jeddah,Grocery,485.0
2023-07-01,Jeddah,Grocery,687.0
2023-07-02,Jeddah,Grocery,655.0
2023-07-03,Jeddah,Grocery,448.0
2023-07-04,Jeddah,Grocery,432.0
2023-07-05,Jeddah,Grocery,497.0
2023-07-06,Jeddah,Grocery,477.0
2023-07-07,Jeddah,Grocery,539.0
2023-07-08,Jeddah,Grocery,687.0
2023-07-09,Jeddah,Grocery,548.0
2023-07-10,Jeddah,Grocery,474.0
2023-07-11,Jeddah,Grocery,428.0
2023-07-12,Jeddah,Grocery,455.0
2023-07-13,Jeddah,Grocery,504.0
2023-07-14,Jeddah,Grocery,531.0
2023-07-15,Jeddah,Grocery,635.0
2023-07-16,Jeddah,Grocery,655.0
2023-07-17,Jeddah,Grocery,462.0
2023-07-18,Jeddah,Grocery,403.0
2023-07-19,Jeddah,Grocery,435.0
2023-07-20,Jeddah,Grocery,510.0
2023-07-21,Jeddah,Grocery,487.0
2023-07-22,Jeddah,Grocery,650.0
2023-07-23,Jeddah,Grocery,603.0
2023-07-24,Jeddah,Grocery,434.0
2023-07-25,Jeddah,Grocery,477.0
2023-07-26,Jeddah,Grocery,436.0
2023-07-27,Jeddah,Grocery,472.0
2023-07-28,Jeddah,Grocery,482.0
2023-07-29,Jeddah,Grocery,668.0
2023-07-30,Jeddah,Grocery,665.0
2023-07-31,Jeddah,Grocery,438.0
2023-08-01,Jeddah,Grocery,444.0
2023-08-02,Jeddah,Grocery,390.0
2023-08-03,Jeddah,Grocery,507.0
2023-08-04,Jeddah,Grocery,523.0
2023-08-05,Jeddah,Grocery,708.0
2023-08-06,Jeddah,Grocery,569.0
2023-08-07,Jeddah,Grocery,492.0
2023-08-08,Jeddah,Grocery,449.0
2023-08-09,Jeddah,Grocery,448.0
2023-08-10,Jeddah,Grocery,442.0
2023-08-11,Jeddah,Grocery,523.0
2023-08-12,Jeddah,Grocery,684.0
2023-08-13,Jeddah,Grocery,601.0
2023-08-14,Jeddah,Grocery,450.0
2023-08-15,Jeddah,Grocery,444.0
2023-08-16,Jeddah,Grocery,458.0
2023-08-17,Jeddah,Grocery,435.0
2023-08-18,Jeddah,Grocery,508.0
2023-08-19,Jeddah,Grocery,613.0
2023-08-20,Jeddah,Grocery,555.0
2023-08-21,Jeddah,Grocery,412.0
2023-08-22,Jeddah,Grocery,421.0
2023-08-23,Jeddah,Grocery,445.0
2023-08-24,Jeddah,Grocery,485.0
2023-08-25,Jeddah,Grocery,500.0
2023-08-26,Jeddah,Grocery,623.0
2023-08-27,Jeddah,Grocery,559.0
2023-08-28,Jeddah,Grocery,475.0
2023-08-29,Jeddah,Grocery,393.0
2023-08-30,Jeddah,Grocery,423.0
2023-08-31,Jeddah,Grocery,504.0
2023-09-01,Jeddah,Grocery,465.0
2023-09-02,Jeddah,Grocery,638.0
2023-09-03,Jeddah,Grocery,535.0
2023-09-04,Jeddah,Grocery,399.0
2023-09-05,Jeddah,Grocery,402.0
2023-09-06,Jeddah,Grocery,410.0
2023-09-07,Jeddah,Grocery,406.0
2023-09-08,Jeddah,Grocery,496.0
2023-09-09,Jeddah,Grocery,619.0
2023-09-10,Jeddah,Grocery,567.0
2023-09-11,Jeddah,Grocery,430.0
2023-09-12,Jeddah,Grocery,430.0
2023-09-13,Jeddah,Grocery,425.0
2023-09-14,Jeddah,Grocery,391.0
2023-09-15,Jeddah,Grocery,474.0
2023-09-16,Jeddah,Grocery,603.0
2023-09-17,Jeddah,Grocery,506.0
2023-09-18,Jeddah,Grocery,379.0
2023-09-19,Jeddah,Grocery,388.0
2023-09-20,Jeddah,Grocery,394.0
2023-09-21,Jeddah,Grocery,402.0
2023-09-22,Jeddah,Grocery,481.0
2023-09-23,Jeddah,Grocery,491.0
2023-09-24,Jeddah,Grocery,525.0
2023-09-25,Jeddah,Grocery,418.0
2023-09-26,Jeddah,Grocery,406.0
2023-09-27,Jeddah,Grocery,389.0
2023-09-28,Jeddah,Grocery,397.0
2023-09-29,Jeddah,Grocery,441.0
2023-09-30,Jeddah,Grocery,563.0
2023-10-01,Jeddah,Grocery,558.0
2023-10-02,Jeddah,Grocery,367.0
2023-10-03,Jeddah,Grocery,354.0
2023-10-04,Jeddah,Grocery,352.0
2023-10-05,Jeddah,Grocery,352.0
2023-10-06,Jeddah,Grocery,457.0
2023-10-07,Jeddah,Grocery,556.0
2023-10-08,Jeddah,Grocery,494.0
2023-10-09,Jeddah,Grocery,373.0
2023-10-10,Jeddah,Grocery,347.0
2023-10-11,Jeddah,Grocery,338.0
2023-10-12,Jeddah,Grocery,370.0
2023-10-13,Jeddah,Grocery,417.0
2023-10-14,Jeddah,Grocery,530.0
2023-10-15,Jeddah,Grocery,509.0
2023-10-16,Jeddah,Grocery,376.0
2023-10-17,Jeddah,Grocery,345.0
2023-10-18,Jeddah,Grocery,352.0
2023-10-19,Jeddah,Grocery,399.0
2023-10-20,Jeddah,Grocery,409.0
2023-10-21,Jeddah,Grocery,516.0
2023-10-22,Jeddah,Grocery,493.0
2023-10-23,Jeddah,Grocery,313.0
2023-10-24,Jeddah,Grocery,329.0
2023-10-25,Jeddah,Grocery,373.0
2023-10-26,Jeddah,Grocery,473.0
2023-10-27,Jeddah,Grocery,873.0
2023-10-28,Jeddah,Grocery,912.0
2023-10-29,Jeddah,Grocery,566.0
2023-10-30,Jeddah,Grocery,366.0
2023-10-31,Jeddah,Grocery,353.0
2023-11-01,Jeddah,Grocery,370.0
2023-11-02,Jeddah,Grocery,359.0
2023-11-03,Jeddah,Grocery,457.0
2023-11-04,Jeddah,Grocery,574.0
2023-11-05,Jeddah,Grocery,497.0
2023-11-06,Jeddah,Grocery,406.0
2023-11-07,Jeddah,Grocery,398.0
2023-11-08,Jeddah,Grocery,388.0
2023-11-09,Jeddah,Grocery,377.0
2023-11-10,Jeddah,Grocery,500.0
2023-11-11,Jeddah,Grocery,721.0
2023-11-12,Jeddah,Grocery,642.0
2023-11-13,Jeddah,Grocery,489.0
2023-11-14,Jeddah,Grocery,377.0
2023-11-15,Jeddah,Grocery,379.0
2023-11-16,Jeddah,Grocery,372.0
2023-11-17,Jeddah,Grocery,407.0
2023-11-18,Jeddah,Grocery,533.0
2023-11-19,Jeddah,Grocery,551.0
2023-11-20,Jeddah,Grocery,383.0
2023-11-21,Jeddah,Grocery,385.0
2023-11-22,Jeddah,Grocery,392.0
2023-11-23,Jeddah,Grocery,409.0
2023-11-24,Jeddah,Grocery,419.0
2023-11-25,Jeddah,Grocery,481.0
2023-11-26,Jeddah,Grocery,557.0
2023-11-27,Jeddah,Grocery,427.0
2023-11-28,Jeddah,Grocery,393.0
2023-11-29,Jeddah,Grocery,379.0
2023-11-30,Jeddah,Grocery,442.0
2023-12-01,Jeddah,Grocery,470.0
2023-12-02,Jeddah,Grocery,557.0
2023-12-03,Jeddah,Grocery,494.0
2023-12-04,Jeddah,Grocery,383.0
2023-12-05,Jeddah,Grocery,393.0
2023-12-06,Jeddah,Grocery,431.0
2023-12-07,Jeddah,Grocery,419.0
2023-12-08,Jeddah,Grocery,452.0
2023-12-09,Jeddah,Grocery,557.0
2023-12-10,Jeddah,Grocery,588.0
2023-12-11,Jeddah,Grocery,388.0
2023-12-12,Jeddah,Grocery,424.0
2023-12-13,Jeddah,Grocery,406.0
2023-12-14,Jeddah,Grocery,499.0
2023-12-15,Jeddah,Grocery,515.0
2023-12-16,Jeddah,Grocery,618.0
2023-12-17,Jeddah,Grocery,548.0
2023-12-18,Jeddah,Grocery,440.0
2023-12-19,Jeddah,Grocery,427.0
2023-12-20,Jeddah,Grocery,447.0
2023-12-21,Jeddah,Grocery,489.0
2023-12-22,Jeddah,Grocery,732.0
2023-12-23,Jeddah,Grocery,890.0
2023-12-24,Jeddah,Grocery,839.0
2023-12-25,Jeddah,Grocery,509.0
2023-12-26,Jeddah,Grocery,469.0
2023-12-27,Jeddah,Grocery,455.0
2023-12-28,Jeddah,Grocery,442.0
2023-12-29,Jeddah,Grocery,503.0
2023-12-30,Jeddah,Grocery,686.0
2023-12-31,Jeddah,Grocery,694.0
2024-01-01,Jeddah,Grocery,492.0
2024-01-02,Jeddah,Grocery,511.0
2024-01-03,Jeddah,Grocery,686.0
2024-01-04,Jeddah,Grocery,738.0
2024-01-05,Jeddah,Grocery,730.0
2024-01-06,Jeddah,Grocery,865.0
2024-01-07,Jeddah,Grocery,907.0
2024-01-08,Jeddah,Grocery,535.0
2024-01-09,Jeddah,Grocery,412.0
2024-01-10,Jeddah,Grocery,499.0
2024-01-11,Jeddah,Grocery,519.0
2024-01-12,Jeddah,Grocery,554.0
2024-01-13,Jeddah,Grocery,749.0
2024-01-14,Jeddah,Grocery,693.0
2024-01-15,Jeddah,Grocery,520.0
2024-01-16,Jeddah,Grocery,546.0
2024-01-17,Jeddah,Grocery,804.0
2024-01-18,Jeddah,Grocery,840.0
2024-01-19,Jeddah,Grocery,598.0
2024-01-20,Jeddah,Grocery,750.0
2024-01-21,Jeddah,Grocery,652.0
2024-01-22,Jeddah,Grocery,597.0
2024-01-23,Jeddah,Grocery,476.0
2024-01-24,Jeddah,Grocery,544.0
2024-01-25,Jeddah,Grocery,545.0
2024-01-26,Jeddah,Grocery,651.0
2024-01-27,Jeddah,Grocery,824.0
2024-01-28,Jeddah,Grocery,698.0
2024-01-29,Jeddah,Grocery,594.0
2024-01-30,Jeddah,Grocery,466.0
2024-01-31,Jeddah,Grocery,602.0
2024-02-01,Jeddah,Grocery,554.0
2024-02-02,Jeddah,Grocery,644.0
2024-02-03,Jeddah,Grocery,822.0
2024-02-04,Jeddah,Grocery,710.0
2024-02-05,Jeddah,Grocery,477.0
2024-02-06,Jeddah,Grocery,544.0
2024-02-07,Jeddah,Grocery,532.0
2024-02-08,Jeddah,Grocery,574.0
2024-02-09,Jeddah,Grocery,638.0
2024-02-10,Jeddah,Grocery,882.0
2024-02-11,Jeddah,Grocery,829.0
2024-02-12,Jeddah,Grocery,571.0
2024-02-13,Jeddah,Grocery,622.0
2024-02-14,Jeddah,Grocery,607.0
2024-02-15,Jeddah,Grocery,599.0
2024-02-16,Jeddah,Grocery,628.0
2024-02-17,Jeddah,Grocery,757.0
2024-02-18,Jeddah,Grocery,737.0
2024-02-19,Jeddah,Grocery,559.0
2024-02-20,Jeddah,Grocery,530.0
2024-02-21,Jeddah,Grocery,611.0
2024-02-22,Jeddah,Grocery,640.0
2024-02-23,Jeddah,Grocery,683.0
2024-02-24,Jeddah,Grocery,835.0
2024-02-25,Jeddah,Grocery,742.0
2024-02-26,Jeddah,Grocery,595.0
2024-02-27,Jeddah,Grocery,541.0
2024-02-28,Jeddah,Grocery,588.0
2024-02-29,Jeddah,Grocery,584.0
2024-03-01,Jeddah,Grocery,675.0
2024-03-02,Jeddah,Grocery,830.0
2024-03-03,Jeddah,Grocery,782.0
2024-03-04,Jeddah,Grocery,539.0
2024-03-05,Jeddah,Grocery,582.0
2024-03-06,Jeddah,Grocery,567.0
2024-03-07,Jeddah,Grocery,629.0
2024-03-08,Jeddah,Grocery,747.0
2024-03-09,Jeddah,Grocery,833.0
2024-03-10,Jeddah,Grocery,751.0
2024-03-11,Jeddah,Grocery,570.0
2024-03-12,Jeddah,Grocery,557.0
2024-03-13,Jeddah,Grocery,589.0
2024-03-14,Jeddah,Grocery,616.0
2024-03-15,Jeddah,Grocery,664.0
2024-03-16,Jeddah,Grocery,847.0
2024-03-17,Jeddah,Grocery,783.0
2024-03-18,Jeddah,Grocery,598.0
2024-03-19,Jeddah,Grocery,523.0
2024-03-20,Jeddah,Grocery,556.0
2024-03-21,Jeddah,Grocery,578.0
2024-03-22,Jeddah,Grocery,579.0
2024-03-23,Jeddah,Grocery,980.0
2024-03-24,Jeddah,Grocery,715.0
2024-03-25,Jeddah,Grocery,632.0
2024-03-26,Jeddah,Grocery,559.0
2024-03-27,Jeddah,Grocery,1156.0
2024-03-28,Jeddah,Grocery,816.0
2024-03-29,Jeddah,Grocery,1085.0
2024-03-30,Jeddah,Grocery,1521.0
2024-03-31,Jeddah,Grocery,1410.0
2024-04-01,Jeddah,Grocery,1038.0
2024-04-02,Jeddah,Grocery,964.0
2024-04-03,Jeddah,Grocery,909.0
2024-04-04,Jeddah,Grocery,1044.0
2024-04-05,Jeddah,Grocery,1023.0
2024-04-06,Jeddah,Grocery,1499.0
2024-04-07,Jeddah,Grocery,1268.0
2024-04-08,Jeddah,Grocery,1159.0
2024-04-09,Jeddah,Grocery,549.0
2024-04-10,Jeddah,Grocery,523.0
2024-04-11,Jeddah,Grocery,546.0
2024-04-12,Jeddah,Grocery,575.0
2024-04-13,Jeddah,Grocery,808.0
2024-04-14,Jeddah,Grocery,690.0
2024-04-15,Jeddah,Grocery,545.0
2024-04-16,Jeddah,Grocery,558.0
2024-04-17,Jeddah,Grocery,539.0
2024-04-18,Jeddah,Grocery,524.0
2024-04-19,Jeddah,Grocery,541.0
2024-04-20,Jeddah,Grocery,714.0
2024-04-21,Jeddah,Grocery,727.0
2024-04-22,Jeddah,Grocery,530.0
2024-04-23,Jeddah,Grocery,491.0
2024-04-24,Jeddah,Grocery,489.0
2024-04-25,Jeddah,Grocery,620.0
2024-04-26,Jeddah,Grocery,598.0
2024-04-27,Jeddah,Grocery,787.0
2024-04-28,Jeddah,Grocery,717.0
2024-04-29,Jeddah,Grocery,538.0
2024-04-30,Jeddah,Grocery,506.0
2024-05-01,Jeddah,Grocery,565.0
2024-05-02,Jeddah,Grocery,462.0
2024-05-03,Jeddah,Grocery,715.0
2024-05-04,Jeddah,Grocery,866.0
2024-05-05,Jeddah,Grocery,730.0
2024-05-06,Jeddah,Grocery,517.0
2024-05-07,Jeddah,Grocery,536.0
2024-05-08,Jeddah,Grocery,547.0
2024-05-09,Jeddah,Grocery,486.0
2024-05-10,Jeddah,Grocery,534.0
2024-05-11,Jeddah,Grocery,744.0
2024-05-12,Jeddah,Grocery,658.0
2024-05-13,Jeddah,Grocery,474.0
2024-05-14,Jeddah,Grocery,518.0
2024-05-15,Jeddah,Grocery,470.0
2024-05-16,Jeddah,Grocery,585.0
2024-05-17,Jeddah,Grocery,548.0
2024-05-18,Jeddah,Grocery,807.0
2024-05-19,Jeddah,Grocery,701.0
2024-05-20,Jeddah,Grocery,574.0
2024-05-21,Jeddah,Grocery,453.0
2024-05-22,Jeddah,Grocery,513.0
2024-05-23,Jeddah,Grocery,586.0
2024-05-24,Jeddah,Grocery,648.0
2024-05-25,Jeddah,Grocery,778.0
2024-05-26,Jeddah,Grocery,631.0
2024-05-27,Jeddah,Grocery,528.0
2024-05-28,Jeddah,Grocery,454.0
2024-05-29,Jeddah,Grocery,477.0
2024-05-30,Jeddah,Grocery,537.0
2024-05-31,Jeddah,Grocery,551.0
2024-06-01,Jeddah,Grocery,668.0
2024-06-02,Jeddah,Grocery,655.0
2024-06-03,Jeddah,Grocery,507.0
2024-06-04,Jeddah,Grocery,478.0
2024-06-05,Jeddah,Grocery,505.0
2024-06-06,Jeddah,Grocery,517.0
2024-06-07,Jeddah,Grocery,490.0
2024-06-08,Jeddah,Grocery,705.0
2024-06-09,Jeddah,Grocery,652.0
2024-06-10,Jeddah,Grocery,535.0
2024-06-11,Jeddah,Grocery,487.0
2024-06-12,Jeddah,Grocery,494.0
2024-06-13,Jeddah,Grocery,511.0
2024-06-14,Jeddah,Grocery,576.0
2024-06-15,Jeddah,Grocery,666.0
2024-06-16,Jeddah,Grocery,681.0
2024-06-17,Jeddah,Grocery,527.0
2024-06-18,Jeddah,Grocery,503.0
2024-06-19,Jeddah,Grocery,466.0
2024-06-20,Jeddah,Grocery,494.0
2024-06-21,Jeddah,Grocery,537.0
2024-06-22,Jeddah,Grocery,642.0
2024-06-23,Jeddah,Grocery,658.0
2024-06-24,Jeddah,Grocery,536.0
2024-06-25,Jeddah,Grocery,493.0
2024-06-26,Jeddah,Grocery,487.0
2024-06-27,Jeddah,Grocery,550.0
2024-06-28,Jeddah,Grocery,567.0
2024-06-29,Jeddah,Grocery,806.0
2024-06-30,Jeddah,Grocery,637.0
2024-07-01,Jeddah,Grocery,462.0
2024-07-02,Jeddah,Grocery,475.0
2024-07-03,Jeddah,Grocery,507.0
2024-07-04,Jeddah,Grocery,523.0
2024-07-05,Jeddah,Grocery,556.0
2024-07-06,Jeddah,Grocery,798.0
2024-07-07,Jeddah,Grocery,747.0
2024-07-08,Jeddah,Grocery,454.0
2024-07-09,Jeddah,Grocery,456.0
2024-07-10,Jeddah,Grocery,513.0
2024-07-11,Jeddah,Grocery,539.0
2024-07-12,Jeddah,Grocery,595.0
2024-07-13,Jeddah,Grocery,701.0
2024-07-14,Jeddah,Grocery,633.0
2024-07-15,Jeddah,Grocery,506.0
2024-07-16,Jeddah,Grocery,450.0
2024-07-17,Jeddah,Grocery,475.0
2024-07-18,Jeddah,Grocery,509.0
2024-07-19,Jeddah,Grocery,570.0
2024-07-20,Jeddah,Grocery,617.0
2024-07-21,Jeddah,Grocery,647.0
2024-07-22,Jeddah,Grocery,464.0
2024-07-23,Jeddah,Grocery,435.0
2024-07-24,Jeddah,Grocery,513.0
2024-07-25,Jeddah,Grocery,437.0
2024-07-26,Jeddah,Grocery,481.0
2024-07-27,Jeddah,Grocery,639.0
2024-07-28,Jeddah,Grocery,599.0
2024-07-29,Jeddah,Grocery,514.0
2024-07-30,Jeddah,Grocery,464.0
2024-07-31,Jeddah,Grocery,467.0
2024-08-01,Jeddah,Grocery,496.0
2024-08-02,Jeddah,Grocery,534.0
2024-08-03,Jeddah,Grocery,649.0
2024-08-04,Jeddah,Grocery,669.0
2024-08-05,Jeddah,Grocery,454.0
2024-08-06,Jeddah,Grocery,439.0
2024-08-07,Jeddah,Grocery,423.0
2024-08-08,Jeddah,Grocery,451.0
2024-08-09,Jeddah,Grocery,593.0
2024-08-10,Jeddah,Grocery,671.0
2024-08-11,Jeddah,Grocery,636.0
2024-08-12,Jeddah,Grocery,512.0
2024-08-13,Jeddah,Grocery,461.0
2024-08-14,Jeddah,Grocery,422.0
2024-08-15,Jeddah,Grocery,490.0
2024-08-16,Jeddah,Grocery,519.0
2024-08-17,Jeddah,Grocery,657.0
2024-08-18,Jeddah,Grocery,565.0
2024-08-19,Jeddah,Grocery,450.0
2024-08-20,Jeddah,Grocery,451.0
2024-08-21,Jeddah,Grocery,480.0
2024-08-22,Jeddah,Grocery,474.0
2024-08-23,Jeddah,Grocery,539.0
2024-08-24,Jeddah,Grocery,673.0
2024-08-25,Jeddah,Grocery,529.0
2024-08-26,Jeddah,Grocery,474.0
2024-08-27,Jeddah,Grocery,497.0
2024-08-28,Jeddah,Grocery,434.0
2024-08-29,Jeddah,Grocery,431.0
2024-08-30,Jeddah,Grocery,479.0
2024-08-31,Jeddah,Grocery,661.0
2024-09-01,Jeddah,Grocery,593.0
2024-09-02,Jeddah,Grocery,470.0
2024-09-03,Jeddah,Grocery,393.0
2024-09-04,Jeddah,Grocery,386.0
2024-09-05,Jeddah,Grocery,475.0
2024-09-06,Jeddah,Grocery,477.0
2024-09-07,Jeddah,Grocery,649.0
2024-09-08,Jeddah,Grocery,617.0
2024-09-09,Jeddah,Grocery,399.0
2024-09-10,Jeddah,Grocery,436.0
2024-09-11,Jeddah,Grocery,424.0
2024-09-12,Jeddah,Grocery,471.0
2024-09-13,Jeddah,Grocery,476.0
2024-09-14,Jeddah,Grocery,615.0
2024-09-15,Jeddah,Grocery,544.0
2024-09-16,Jeddah,Grocery,438.0
2024-09-17,Jeddah,Grocery,412.0
2024-09-18,Jeddah,Grocery,480.0
2024-09-19,Jeddah,Grocery,466.0
2024-09-20,Jeddah,Grocery,482.0
2024-09-21,Jeddah,Grocery,644.0
2024-09-22,Jeddah,Grocery,519.0
2024-09-23,Jeddah,Grocery,428.0
2024-09-24,Jeddah,Grocery,446.0
2024-09-25,Jeddah,Grocery,426.0
2024-09-26,Jeddah,Grocery,444.0
2024-09-27,Jeddah,Grocery,482.0
2024-09-28,Jeddah,Grocery,601.0
2024-09-29,Jeddah,Grocery,529.0
2024-09-30,Jeddah,Grocery,427.0
2024-10-01,Jeddah,Grocery,380.0
2024-10-02,Jeddah,Grocery,405.0
2024-10-03,Jeddah,Grocery,439.0
2024-10-04,Jeddah,Grocery,478.0
2024-10-05,Jeddah,Grocery,510.0
2024-10-06,Jeddah,Grocery,564.0
2024-10-07,Jeddah,Grocery,425.0
2024-10-08,Jeddah,Grocery,359.0
2024-10-09,Jeddah,Grocery,373.0
2024-10-10,Jeddah,Grocery,382.0
2024-10-11,Jeddah,Grocery,427.0
2024-10-12,Jeddah,Grocery,629.0
2024-10-13,Jeddah,Grocery,560.0
2024-10-14,Jeddah,Grocery,415.0
2024-10-15,Jeddah,Grocery,408.0
2024-10-16,Jeddah,Grocery,407.0
2024-10-17,Jeddah,Grocery,413.0
2024-10-18,Jeddah,Grocery,469.0
2024-10-19,Jeddah,Grocery,561.0
2024-10-20,Jeddah,Grocery,530.0
2024-10-21,Jeddah,Grocery,415.0
2024-10-22,Jeddah,Grocery,425.0
2024-10-23,Jeddah,Grocery,416.0
2024-10-24,Jeddah,Grocery,409.0
2024-10-25,Jeddah,Grocery,486.0
2024-10-26,Jeddah,Grocery,561.0
2024-10-27,Jeddah,Grocery,522.0
2024-10-28,Jeddah,Grocery,421.0
2024-10-29,Jeddah,Grocery,439.0
2024-10-30,Jeddah,Grocery,375.0
2024-10-31,Jeddah,Grocery,386.0
2024-11-01,Jeddah,Grocery,466.0
2024-11-02,Jeddah,Grocery,598.0
2024-11-03,Jeddah,Grocery,532.0
2024-11-04,Jeddah,Grocery,408.0
2024-11-05,Jeddah,Grocery,389.0
2024-11-06,Jeddah,Grocery,391.0
2024-11-07,Jeddah,Grocery,374.0
2024-11-08,Jeddah,Grocery,466.0
2024-11-09,Jeddah,Grocery,531.0
2024-11-10,Jeddah,Grocery,570.0
2024-11-11,Jeddah,Grocery,383.0
2024-11-12,Jeddah,Grocery,397.0
2024-11-13,Jeddah,Grocery,335.0
2024-11-14,Jeddah,Grocery,441.0
2024-11-15,Jeddah,Grocery,476.0
2024-11-16,Jeddah,Grocery,608.0
2024-11-17,Jeddah,Grocery,581.0
2024-11-18,Jeddah,Grocery,444.0
2024-11-19,Jeddah,Grocery,417.0
2024-11-20,Jeddah,Grocery,403.0
2024-11-21,Jeddah,Grocery,381.0
2024-11-22,Jeddah,Grocery,440.0
2024-11-23,Jeddah,Grocery,593.0
2024-11-24,Jeddah,Grocery,553.0
2024-11-25,Jeddah,Grocery,433.0
2024-11-26,Jeddah,Grocery,430.0
2024-11-27,Jeddah,Grocery,417.0
2024-11-28,Jeddah,Grocery,380.0
2024-11-29,Jeddah,Grocery,436.0
2024-11-30,Jeddah,Grocery,565.0
2024-12-01,Jeddah,Grocery,654.0
2024-12-02,Jeddah,Grocery,443.0
2024-12-03,Jeddah,Grocery,774.0
2024-12-04,Jeddah,Grocery,769.0
2024-12-05,Jeddah,Grocery,734.0
2024-12-06,Jeddah,Grocery,525.0
2024-12-07,Jeddah,Grocery,658.0
2024-12-08,Jeddah,Grocery,547.0
2024-12-09,Jeddah,Grocery,427.0
2024-12-10,Jeddah,Grocery,389.0
2024-12-11,Jeddah,Grocery,435.0
2024-12-12,Jeddah,Grocery,516.0
2024-12-13,Jeddah,Grocery,483.0
2024-12-14,Jeddah,Grocery,630.0
2024-12-15,Jeddah,Grocery,574.0
2024-12-16,Jeddah,Grocery,520.0
2024-12-17,Jeddah,Grocery,406.0
2024-12-18,Jeddah,Grocery,405.0
2024-12-19,Jeddah,Grocery,516.0
2024-12-20,Jeddah,Grocery,556.0
2024-12-21,Jeddah,Grocery,666.0
2024-12-22,Jeddah,Grocery,671.0
2024-12-23,Jeddah,Grocery,469.0
2024-12-24,Jeddah,Grocery,456.0
2024-12-25,Jeddah,Grocery,479.0
2024-12-26,Jeddah,Grocery,531.0
2024-12-27,Jeddah,Grocery,580.0
2024-12-28,Jeddah,Grocery,716.0
2024-12-29,Jeddah,Grocery,654.0
2024-12-30,Jeddah,Grocery,515.0
2024-12-31,Jeddah,Grocery,455.0
2025-01-01,Jeddah,Grocery,517.0
2025-01-02,Jeddah,Grocery,557.0
2025-01-03,Jeddah,Grocery,638.0
2025-01-04,Jeddah,Grocery,728.0
2025-01-05,Jeddah,Grocery,685.0
2025-01-06,Jeddah,Grocery,469.0
2025-01-07,Jeddah,Grocery,506.0
2025-01-08,Jeddah,Grocery,528.0
2025-01-09,Jeddah,Grocery,553.0
2025-01-10,Jeddah,Grocery,598.0
2025-01-11,Jeddah,Grocery,817.0
2025-01-12,Jeddah,Grocery,701.0
2025-01-13,Jeddah,Grocery,570.0
2025-01-14,Jeddah,Grocery,510.0
2025-01-15,Jeddah,Grocery,563.0
2025-01-16,Jeddah,Grocery,564.0
2025-01-17,Jeddah,Grocery,612.0
2025-01-18,Jeddah,Grocery,758.0
2025-01-19,Jeddah,Grocery,744.0
2025-01-20,Jeddah,Grocery,599.0
2025-01-21,Jeddah,Grocery,492.0
2025-01-22,Jeddah,Grocery,561.0
2025-01-23,Jeddah,Grocery,751.0
2025-01-24,Jeddah,Grocery,878.0
2025-01-25,Jeddah,Grocery,1063.0
2025-01-26,Jeddah,Grocery,1011.0
2025-01-27,Jeddah,Grocery,576.0
2025-01-28,Jeddah,Grocery,542.0
2025-01-29,Jeddah,Grocery,611.0
2025-01-30,Jeddah,Grocery,579.0
2025-01-31,Jeddah,Grocery,619.0
2025-02-01,Jeddah,Grocery,824.0
2025-02-02,Jeddah,Grocery,735.0
2025-02-03,Jeddah,Grocery,554.0
2025-02-04,Jeddah,Grocery,645.0
2025-02-05,Jeddah,Grocery,533.0
2025-02-06,Jeddah,Grocery,648.0
2025-02-07,Jeddah,Grocery,709.0
2025-02-08,Jeddah,Grocery,780.0
2025-02-09,Jeddah,Grocery,820.0
2025-02-10,Jeddah,Grocery,646.0
2025-02-11,Jeddah,Grocery,892.0
2025-02-12,Jeddah,Grocery,941.0
2025-02-13,Jeddah,Grocery,848.0
2025-02-14,Jeddah,Grocery,1170.0
2025-02-15,Jeddah,Grocery,883.0
2025-02-16,Jeddah,Grocery,824.0
2025-02-17,Jeddah,Grocery,663.0
2025-02-18,Jeddah,Grocery,603.0
2025-02-19,Jeddah,Grocery,692.0
2025-02-20,Jeddah,Grocery,618.0
2025-02-21,Jeddah,Grocery,777.0
2025-02-22,Jeddah,Grocery,903.0
2025-02-23,Jeddah,Grocery,834.0
2025-02-24,Jeddah,Grocery,575.0
2025-02-25,Jeddah,Grocery,596.0
2025-02-26,Jeddah,Grocery,581.0
2025-02-27,Jeddah,Grocery,666.0
2025-02-28,Jeddah,Grocery,677.0
2025-03-01,Jeddah,Grocery,848.0
2025-03-02,Jeddah,Grocery,798.0
2025-03-03,Jeddah,Grocery,663.0
2025-03-04,Jeddah,Grocery,541.0
2025-03-05,Jeddah,Grocery,630.0
2025-03-06,Jeddah,Grocery,617.0
2025-03-07,Jeddah,Grocery,667.0
2025-03-08,Jeddah,Grocery,928.0
2025-03-09,Jeddah,Grocery,808.0
2025-03-10,Jeddah,Grocery,626.0
2025-03-11,Jeddah,Grocery,641.0
2025-03-12,Jeddah,Grocery,721.0
2025-03-13,Jeddah,Grocery,633.0
2025-03-14,Jeddah,Grocery,610.0
2025-03-15,Jeddah,Grocery,899.0
2025-03-16,Jeddah,Grocery,1403.0
2025-03-17,Jeddah,Grocery,1038.0
2025-03-18,Jeddah,Grocery,1019.0
2025-03-19,Jeddah,Grocery,1171.0
2025-03-20,Jeddah,Grocery,1176.0
2025-03-21,Jeddah,Grocery,1213.0
2025-03-22,Jeddah,Grocery,1264.0
2025-03-23,Jeddah,Grocery,1615.0
2025-03-24,Jeddah,Grocery,1128.0
2025-03-25,Jeddah,Grocery,1118.0
2025-03-26,Jeddah,Grocery,1180.0
2025-03-27,Jeddah,Grocery,1118.0
2025-03-28,Jeddah,Grocery,1226.0
2025-03-29,Jeddah,Grocery,932.0
2025-03-30,Jeddah,Grocery,817.0
2025-03-31,Jeddah,Grocery,610.0
2025-04-01,Jeddah,Grocery,616.0
2025-04-02,Jeddah,Grocery,661.0
2025-04-03,Jeddah,Grocery,663.0
2025-04-04,Jeddah,Grocery,668.0
2025-04-05,Jeddah,Grocery,894.0
2025-04-06,Jeddah,Grocery,768.0
2025-04-07,Jeddah,Grocery,578.0
2025-04-08,Jeddah,Grocery,586.0
2025-04-09,Jeddah,Grocery,625.0
2025-04-10,Jeddah,Grocery,665.0
2025-04-11,Jeddah,Grocery,659.0
2025-04-12,Jeddah,Grocery,877.0
2025-04-13,Jeddah,Grocery,807.0
2025-04-14,Jeddah,Grocery,615.0
2025-04-15,Jeddah,Grocery,546.0
2025-04-16,Jeddah,Grocery,568.0
2025-04-17,Jeddah,Grocery,612.0
2025-04-18,Jeddah,Grocery,618.0
2025-04-19,Jeddah,Grocery,795.0
2025-04-20,Jeddah,Grocery,740.0
2025-04-21,Jeddah,Grocery,600.0
2025-04-22,Jeddah,Grocery,551.0
2025-04-23,Jeddah,Grocery,578.0
2025-04-24,Jeddah,Grocery,572.0
2025-04-25,Jeddah,Grocery,603.0
2025-04-26,Jeddah,Grocery,756.0
2025-04-27,Jeddah,Grocery,771.0
2025-04-28,Jeddah,Grocery,796.0
2025-04-29,Jeddah,Grocery,753.0
2025-04-30,Jeddah,Grocery,881.0
2025-05-01,Jeddah,Grocery,588.0
2025-05-02,Jeddah,Grocery,614.0
2025-05-03,Jeddah,Grocery,815.0
2025-05-04,Jeddah,Grocery,743.0
2025-05-05,Jeddah,Grocery,507.0
2025-05-06,Jeddah,Grocery,566.0
2025-05-07,Jeddah,Grocery,773.0
2025-05-08,Jeddah,Grocery,745.0
2025-05-09,Jeddah,Grocery,877.0
2025-05-10,Jeddah,Grocery,1176.0
2025-05-11,Jeddah,Grocery,694.0
2025-05-12,Jeddah,Grocery,517.0
2025-05-13,Jeddah,Grocery,525.0
2025-05-14,Jeddah,Grocery,560.0
2025-05-15,Jeddah,Grocery,585.0
2025-05-16,Jeddah,Grocery,636.0
2025-05-17,Jeddah,Grocery,708.0
2025-05-18,Jeddah,Grocery,758.0
2025-05-19,Jeddah,Grocery,561.0
2025-05-20,Jeddah,Grocery,544.0
2025-05-21,Jeddah,Grocery,575.0
2025-05-22,Jeddah,Grocery,561.0
2025-05-23,Jeddah,Grocery,631.0
2025-05-24,Jeddah,Grocery,708.0
2025-05-25,Jeddah,Grocery,684.0
2025-05-26,Jeddah,Grocery,527.0
2025-05-27,Jeddah,Grocery,500.0
2025-05-28,Jeddah,Grocery,527.0
2025-05-29,Jeddah,Grocery,477.0
2025-05-30,Jeddah,Grocery,591.0
2025-05-31,Jeddah,Grocery,796.0
2025-06-01,Jeddah,Grocery,732.0
2025-06-02,Jeddah,Grocery,529.0
2025-06-03,Jeddah,Grocery,467.0
2025-06-04,Jeddah,Grocery,447.0
2025-06-05,Jeddah,Grocery,538.0
2025-06-06,Jeddah,Grocery,606.0
2025-06-07,Jeddah,Grocery,846.0
2025-06-08,Jeddah,Grocery,673.0
2025-06-09,Jeddah,Grocery,603.0
2025-06-10,Jeddah,Grocery,447.0
2025-06-11,Jeddah,Grocery,503.0
2025-06-12,Jeddah,Grocery,524.0
2025-06-13,Jeddah,Grocery,591.0
2025-06-14,Jeddah,Grocery,662.0
2025-06-15,Jeddah,Grocery,586.0
2025-06-16,Jeddah,Grocery,479.0
2025-06-17,Jeddah,Grocery,462.0
2025-06-18,Jeddah,Grocery,506.0
2025-06-19,Jeddah,Grocery,458.0
2025-06-20,Jeddah,Grocery,538.0
2025-06-21,Jeddah,Grocery,705.0
2025-06-22,Jeddah,Grocery,718.0
2025-06-23,Jeddah,Grocery,519.0
2025-06-24,Jeddah,Grocery,469.0
2025-06-25,Jeddah,Grocery,565.0
2025-06-26,Jeddah,Grocery,544.0
2025-06-27,Jeddah,Grocery,566.0
2025-06-28,Jeddah,Grocery,696.0
2025-06-29,Jeddah,Grocery,634.0
2025-06-30,Jeddah,Grocery,455.0
2025-07-01,Jeddah,Grocery,549.0
2025-07-02,Jeddah,Grocery,491.0
2025-07-03,Jeddah,Grocery,485.0
2025-07-04,Jeddah,Grocery,585.0
2025-07-05,Jeddah,Grocery,765.0
2025-07-06,Jeddah,Grocery,669.0
2025-07-07,Jeddah,Grocery,522.0
2025-07-08,Jeddah,Grocery,537.0
2025-07-09,Jeddah,Grocery,456.0
2025-07-10,Jeddah,Grocery,559.0
2025-07-11,Jeddah,Grocery,609.0
2025-07-12,Jeddah,Grocery,837.0
2025-07-13,Jeddah,Grocery,722.0
2025-07-14,Jeddah,Grocery,500.0
2025-07-15,Jeddah,Grocery,491.0
2025-07-16,Jeddah,Grocery,465.0
2025-07-17,Jeddah,Grocery,526.0
2025-07-18,Jeddah,Grocery,607.0
2025-07-19,Jeddah,Grocery,1563.0
2025-07-20,Jeddah,Grocery,1326.0
2025-07-21,Jeddah,Grocery,1008.0
2025-07-22,Jeddah,Grocery,754.0
2025-07-23,Jeddah,Grocery,492.0
2025-07-24,Jeddah,Grocery,471.0
2025-07-25,Jeddah,Grocery,504.0
2025-07-26,Jeddah,Grocery,801.0
2025-07-27,Jeddah,Grocery,717.0
2025-07-28,Jeddah,Grocery,555.0
2025-07-29,Jeddah,Grocery,490.0
2025-07-30,Jeddah,Grocery,513.0
2025-07-31,Jeddah,Grocery,578.0
2025-08-01,Jeddah,Grocery,605.0
2025-08-02,Jeddah,Grocery,744.0
2025-08-03,Jeddah,Grocery,716.0
2025-08-04,Jeddah,Grocery,585.0
2025-08-05,Jeddah,Grocery,506.0
2025-08-06,Jeddah,Grocery,500.0
2025-08-07,Jeddah,Grocery,519.0
2025-08-08,Jeddah,Grocery,513.0
2025-08-09,Jeddah,Grocery,842.0
2025-08-10,Jeddah,Grocery,663.0
2025-08-11,Jeddah,Grocery,515.0
2025-08-12,Jeddah,Grocery,529.0
2025-08-13,Jeddah,Grocery,498.0
2025-08-14,Jeddah,Grocery,470.0
2025-08-15,Jeddah,Grocery,571.0
2025-08-16,Jeddah,Grocery,698.0
2025-08-17,Jeddah,Grocery,679.0
2025-08-18,Jeddah,Grocery,524.0
2025-08-19,Jeddah,Grocery,422.0
2025-08-20,Jeddah,Grocery,519.0
2025-08-21,Jeddah,Grocery,474.0
2025-08-22,Jeddah,Grocery,609.0
2025-08-23,Jeddah,Grocery,644.0
2025-08-24,Jeddah,Grocery,622.0
2025-08-25,Jeddah,Grocery,500.0
2025-08-26,Jeddah,Grocery,424.0
2025-08-27,Jeddah,Grocery,481.0
2025-08-28,Jeddah,Grocery,517.0
2025-08-29,Jeddah,Grocery,520.0
2025-08-30,Jeddah,Grocery,725.0
2025-08-31,Jeddah,Grocery,697.0
2025-09-01,Jeddah,Grocery,426.0
2025-09-02,Jeddah,Grocery,493.0
2025-09-03,Jeddah,Grocery,549.0
2025-09-04,Jeddah,Grocery,496.0
2025-09-05,Jeddah,Grocery,539.0
2025-09-06,Jeddah,Grocery,662.0
2025-09-07,Jeddah,Grocery,595.0
2025-09-08,Jeddah,Grocery,402.0
2025-09-09,Jeddah,Grocery,430.0
2025-09-10,Jeddah,Grocery,467.0
2025-09-11,Jeddah,Grocery,494.0
2025-09-12,Jeddah,Grocery,835.0
2025-09-13,Jeddah,Grocery,1074.0
2025-09-14,Jeddah,Grocery,615.0
2025-09-15,Jeddah,Grocery,442.0
2025-09-16,Jeddah,Grocery,409.0
2025-09-17,Jeddah,Grocery,420.0
2025-09-18,Jeddah,Grocery,479.0
2025-09-19,Jeddah,Grocery,534.0
2025-09-20,Jeddah,Grocery,656.0
2025-09-21,Jeddah,Grocery,575.0
2025-09-22,Jeddah,Grocery,459.0
2025-09-23,Jeddah,Grocery,409.0
2025-09-24,Jeddah,Grocery,460.0
2025-09-25,Jeddah,Grocery,424.0
2025-09-26,Jeddah,Grocery,433.0
2025-09-27,Jeddah,Grocery,582.0
2025-09-28,Jeddah,Grocery,545.0
2025-09-29,Jeddah,Grocery,445.0
2025-09-30,Jeddah,Grocery,424.0
2025-10-01,Jeddah,Grocery,458.0
2025-10-02,Jeddah,Grocery,449.0
2025-10-03,Jeddah,Grocery,469.0
2025-10-04,Jeddah,Grocery,647.0
2025-10-05,Jeddah,Grocery,549.0
2025-10-06,Jeddah,Grocery,384.0
2025-10-07,Jeddah,Grocery,438.0
2025-10-08,Jeddah,Grocery,424.0
2025-10-09,Jeddah,Grocery,443.0
2025-10-10,Jeddah,Grocery,477.0
2025-10-11,Jeddah,Grocery,580.0
2025-10-12,Jeddah,Grocery,554.0
2025-10-13,Jeddah,Grocery,449.0
2025-10-14,Jeddah,Grocery,396.0
2025-10-15,Jeddah,Grocery,455.0
2025-10-16,Jeddah,Grocery,431.0
2025-10-17,Jeddah,Grocery,481.0
2025-10-18,Jeddah,Grocery,610.0
2025-10-19,Jeddah,Grocery,557.0
2025-10-20,Jeddah,Grocery,424.0
2025-10-21,Jeddah,Grocery,389.0
2025-10-22,Jeddah,Grocery,414.0
2025-10-23,Jeddah,Grocery,397.0
2025-10-24,Jeddah,Grocery,429.0
2025-10-25,Jeddah,Grocery,527.0
2025-10-26,Jeddah,Grocery,484.0
2025-10-27,Jeddah,Grocery,431.0
2025-10-28,Jeddah,Grocery,388.0
2025-10-29,Jeddah,Grocery,391.0
2025-10-30,Jeddah,Grocery,450.0
2025-10-31,Jeddah,Grocery,461.0
2025-11-01,Jeddah,Grocery,496.0
2025-11-02,Jeddah,Grocery,559.0
2025-11-03,Jeddah,Grocery,447.0
2025-11-04,Jeddah,Grocery,425.0
2025-11-05,Jeddah,Grocery,414.0
2025-11-06,Jeddah,Grocery,462.0
2025-11-07,Jeddah,Grocery,414.0
2025-11-08,Jeddah,Grocery,566.0
2025-11-09,Jeddah,Grocery,524.0
2025-11-10,Jeddah,Grocery,431.0
2025-11-11,Jeddah,Grocery,411.0
2025-11-12,Jeddah,Grocery,397.0
2025-11-13,Jeddah,Grocery,414.0
2025-11-14,Jeddah,Grocery,474.0
2025-11-15,Jeddah,Grocery,613.0
2025-11-16,Jeddah,Grocery,548.0
2025-11-17,Jeddah,Grocery,429.0
2025-11-18,Jeddah,Grocery,414.0
2025-11-19,Jeddah,Grocery,430.0
2025-11-20,Jeddah,Grocery,421.0
2025-11-21,Jeddah,Grocery,520.0
2025-11-22,Jeddah,Grocery,575.0
2025-11-23,Jeddah,Grocery,547.0
2025-11-24,Jeddah,Grocery,439.0
2025-11-25,Jeddah,Grocery,446.0
2025-11-26,Jeddah,Grocery,428.0
2025-11-27,Jeddah,Grocery,547.0
2025-11-28,Jeddah,Grocery,515.0
2025-11-29,Jeddah,Grocery,753.0
2025-11-30,Jeddah,Grocery,588.0
2025-12-01,Jeddah,Grocery,427.0
2025-12-02,Jeddah,Grocery,450.0
2025-12-03,Jeddah,Grocery,447.0
2025-12-04,Jeddah,Grocery,478.0
2025-12-05,Jeddah,Grocery,856.0
2025-12-06,Jeddah,Grocery,1113.0
2025-12-07,Jeddah,Grocery,1174.0
2025-12-08,Jeddah,Grocery,806.0
2025-12-09,Jeddah,Grocery,452.0
2025-12-10,Jeddah,Grocery,465.0
2025-12-11,Jeddah,Grocery,514.0
2025-12-12,Jeddah,Grocery,525.0
2025-12-13,Jeddah,Grocery,703.0
2025-12-14,Jeddah,Grocery,642.0
2025-12-15,Jeddah,Grocery,488.0
2025-12-16,Jeddah,Grocery,437.0
2025-12-17,Jeddah,Grocery,499.0
2025-12-18,Jeddah,Grocery,518.0
2025-12-19,Jeddah,Grocery,563.0
2025-12-20,Jeddah,Grocery,696.0
2025-12-21,Jeddah,Grocery,637.0
2025-12-22,Jeddah,Grocery,476.0
2025-12-23,Jeddah,Grocery,522.0
2025-12-24,Jeddah,Grocery,478.0
2025-12-25,Jeddah,Grocery,546.0
2025-12-26,Jeddah,Grocery,589.0
2025-12-27,Jeddah,Grocery,656.0
2025-12-28,Jeddah,Grocery,676.0
2025-12-29,Jeddah,Grocery,537.0
2025-12-30,Jeddah,Grocery,455.0
2025-12-31,Jeddah,Grocery,496.0
2023-01-01,Jeddah,Electronics,167.0
2023-01-02,Jeddah,Electronics,121.0
2023-01-03,Jeddah,Electronics,70.0
2023-01-04,Jeddah,Electronics,102.0
2023-01-05,Jeddah,Electronics,126.0
2023-01-06,Jeddah,Electronics,145.0
2023-01-07,Jeddah,Electronics,241.0
2023-01-08,Jeddah,Electronics,191.0
2023-01-09,Jeddah,Electronics,109.0
2023-01-10,Jeddah,Electronics,105.0
2023-01-11,Jeddah,Electronics,99.0
2023-01-12,Jeddah,Electronics,107.0
2023-01-13,Jeddah,Electronics,164.0
2023-01-14,Jeddah,Electronics,194.0
2023-01-15,Jeddah,Electronics,174.0
2023-01-16,Jeddah,Electronics,113.0
2023-01-17,Jeddah,Electronics,91.0
2023-01-18,Jeddah,Electronics,139.0
2023-01-19,Jeddah,Electronics,128.0
2023-01-20,Jeddah,Electronics,122.0
2023-01-21,Jeddah,Electronics,209.0
2023-01-22,Jeddah,Electronics,203.0
2023-01-23,Jeddah,Electronics,94.0
2023-01-24,Jeddah,Electronics,100.0
2023-01-25,Jeddah,Electronics,146.0
2023-01-26,Jeddah,Electronics,128.0
2023-01-27,Jeddah,Electronics,151.0
2023-01-28,Jeddah,Electronics,218.0
2023-01-29,Jeddah,Electronics,182.0
2023-01-30,Jeddah,Electronics,111.0
2023-01-31,Jeddah,Electronics,103.0
2023-02-01,Jeddah,Electronics,105.0
2023-02-02,Jeddah,Electronics,129.0
2023-02-03,Jeddah,Electronics,143.0
2023-02-04,Jeddah,Electronics,214.0
2023-02-05,Jeddah,Electronics,163.0
2023-02-06,Jeddah,Electronics,128.0
2023-02-07,Jeddah,Electronics,100.0
2023-02-08,Jeddah,Electronics,122.0
2023-02-09,Jeddah,Electronics,158.0
2023-02-10,Jeddah,Electronics,141.0
2023-02-11,Jeddah,Electronics,243.0
2023-02-12,Jeddah,Electronics,179.0
2023-02-13,Jeddah,Electronics,111.0
2023-02-14,Jeddah,Electronics,216.0
2023-02-15,Jeddah,Electronics,240.0
2023-02-16,Jeddah,Electronics,236.0
2023-02-17,Jeddah,Electronics,293.0
2023-02-18,Jeddah,Electronics,256.0
2023-02-19,Jeddah,Electronics,188.0
2023-02-20,Jeddah,Electronics,96.0
2023-02-21,Jeddah,Electronics,123.0
2023-02-22,Jeddah,Electronics,125.0
2023-02-23,Jeddah,Electronics,102.0
2023-02-24,Jeddah,Electronics,123.0
2023-02-25,Jeddah,Electronics,197.0
2023-02-26,Jeddah,Electronics,238.0
2023-02-27,Jeddah,Electronics,116.0
2023-02-28,Jeddah,Electronics,111.0
2023-03-01,Jeddah,Electronics,140.0
2023-03-02,Jeddah,Electronics,142.0
2023-03-03,Jeddah,Electronics,172.0
2023-03-04,Jeddah,Electronics,206.0
2023-03-05,Jeddah,Electronics,254.0
2023-03-06,Jeddah,Electronics,175.0
2023-03-07,Jeddah,Electronics,173.0
2023-03-08,Jeddah,Electronics,189.0
2023-03-09,Jeddah,Electronics,162.0
2023-03-10,Jeddah,Electronics,142.0
2023-03-11,Jeddah,Electronics,188.0
2023-03-12,Jeddah,Electronics,237.0
2023-03-13,Jeddah,Electronics,129.0
2023-03-14,Jeddah,Electronics,126.0
2023-03-15,Jeddah,Electronics,127.0
2023-03-16,Jeddah,Electronics,101.0
2023-03-17,Jeddah,Electronics,152.0
2023-03-18,Jeddah,Electronics,242.0
2023-03-19,Jeddah,Electronics,179.0
2023-03-20,Jeddah,Electronics,114.0
2023-03-21,Jeddah,Electronics,170.0
2023-03-22,Jeddah,Electronics,94.0
2023-03-23,Jeddah,Electronics,123.0
2023-03-24,Jeddah,Electronics,147.0
2023-03-25,Jeddah,Electronics,369.0
2023-03-26,Jeddah,Electronics,355.0
2023-03-27,Jeddah,Electronics,222.0
2023-03-28,Jeddah,Electronics,108.0
2023-03-29,Jeddah,Electronics,137.0
2023-03-30,Jeddah,Electronics,185.0
2023-03-31,Jeddah,Electronics,115.0
2023-04-01,Jeddah,Electronics,203.0
2023-04-02,Jeddah,Electronics,290.0
2023-04-03,Jeddah,Electronics,107.0
2023-04-04,Jeddah,Electronics,94.0
2023-04-05,Jeddah,Electronics,127.0
2023-04-06,Jeddah,Electronics,141.0
2023-04-07,Jeddah,Electronics,213.0
2023-04-08,Jeddah,Electronics,384.0
2023-04-09,Jeddah,Electronics,334.0
2023-04-10,Jeddah,Electronics,199.0
2023-04-11,Jeddah,Electronics,190.0
2023-04-12,Jeddah,Electronics,177.0
2023-04-13,Jeddah,Electronics,170.0
2023-04-14,Jeddah,Electronics,244.0
2023-04-15,Jeddah,Electronics,237.0
2023-04-16,Jeddah,Electronics,348.0
2023-04-17,Jeddah,Electronics,165.0
2023-04-18,Jeddah,Electronics,174.0
2023-04-19,Jeddah,Electronics,141.0
2023-04-20,Jeddah,Electronics,125.0
2023-04-21,Jeddah,Electronics,161.0
2023-04-22,Jeddah,Electronics,230.0
2023-04-23,Jeddah,Electronics,179.0
2023-04-24,Jeddah,Electronics,112.0
2023-04-25,Jeddah,Electronics,115.0
2023-04-26,Jeddah,Electronics,155.0
2023-04-27,Jeddah,Electronics,142.0
2023-04-28,Jeddah,Electronics,143.0
2023-04-29,Jeddah,Electronics,166.0
2023-04-30,Jeddah,Electronics,167.0
2023-05-01,Jeddah,Electronics,92.0
2023-05-02,Jeddah,Electronics,123.0
2023-05-03,Jeddah,Electronics,105.0
2023-05-04,Jeddah,Electronics,118.0
2023-05-05,Jeddah,Electronics,108.0
2023-05-06,Jeddah,Electronics,200.0
2023-05-07,Jeddah,Electronics,172.0
2023-05-08,Jeddah,Electronics,85.0
2023-05-09,Jeddah,Electronics,120.0
2023-05-10,Jeddah,Electronics,134.0
2023-05-11,Jeddah,Electronics,130.0
2023-05-12,Jeddah,Electronics,154.0
2023-05-13,Jeddah,Electronics,197.0
2023-05-14,Jeddah,Electronics,175.0
2023-05-15,Jeddah,Electronics,108.0
2023-05-16,Jeddah,Electronics,130.0
2023-05-17,Jeddah,Electronics,103.0
2023-05-18,Jeddah,Electronics,87.0
2023-05-19,Jeddah,Electronics,149.0
2023-05-20,Jeddah,Electronics,185.0
2023-05-21,Jeddah,Electronics,171.0
2023-05-22,Jeddah,Electronics,124.0
2023-05-23,Jeddah,Electronics,91.0
2023-05-24,Jeddah,Electronics,112.0
2023-05-25,Jeddah,Electronics,144.0
2023-05-26,Jeddah,Electronics,141.0
2023-05-27,Jeddah,Electronics,165.0
2023-05-28,Jeddah,Electronics,166.0
2023-05-29,Jeddah,Electronics,103.0
2023-05-30,Jeddah,Electronics,142.0
2023-05-31,Jeddah,Electronics,106.0
2023-06-01,Jeddah,Electronics,136.0
2023-06-02,Jeddah,Electronics,127.0
2023-06-03,Jeddah,Electronics,193.0
2023-06-04,Jeddah,Electronics,181.0
2023-06-05,Jeddah,Electronics,110.0
2023-06-06,Jeddah,Electronics,150.0
2023-06-07,Jeddah,Electronics,134.0
2023-06-08,Jeddah,Electronics,157.0
2023-06-09,Jeddah,Electronics,132.0
2023-06-10,Jeddah,Electronics,148.0
2023-06-11,Jeddah,Electronics,159.0
2023-06-12,Jeddah,Electronics,100.0
2023-06-13,Jeddah,Electronics,132.0
2023-06-14,Jeddah,Electronics,94.0
2023-06-15,Jeddah,Electronics,157.0
2023-06-16,Jeddah,Electronics,124.0
2023-06-17,Jeddah,Electronics,153.0
2023-06-18,Jeddah,Electronics,195.0
2023-06-19,Jeddah,Electronics,94.0
2023-06-20,Jeddah,Electronics,87.0
2023-06-21,Jeddah,Electronics,93.0
2023-06-22,Jeddah,Electronics,142.0
2023-06-23,Jeddah,Electronics,157.0
2023-06-24,Jeddah,Electronics,201.0
2023-06-25,Jeddah,Electronics,161.0
2023-06-26,Jeddah,Electronics,98.0
2023-06-27,Jeddah,Electronics,91.0
2023-06-28,Jeddah,Electronics,111.0
2023-06-29,Jeddah,Electronics,111.0
2023-06-30,Jeddah,Electronics,106.0
2023-07-01,Jeddah,Electronics,200.0
2023-07-02,Jeddah,Electronics,176.0
2023-07-03,Jeddah,Electronics,92.0
2023-07-04,Jeddah,Electronics,112.0
2023-07-05,Jeddah,Electronics,134.0
2023-07-06,Jeddah,Electronics,107.0
2023-07-07,Jeddah,Electronics,121.0
2023-07-08,Jeddah,Electronics,217.0
2023-07-09,Jeddah,Electronics,173.0
2023-07-10,Jeddah,Electronics,117.0
2023-07-11,Jeddah,Electronics,108.0
2023-07-12,Jeddah,Electronics,106.0
2023-07-13,Jeddah,Electronics,142.0
2023-07-14,Jeddah,Electronics,120.0
2023-07-15,Jeddah,Electronics,207.0
2023-07-16,Jeddah,Electronics,167.0
2023-07-17,Jeddah,Electronics,127.0
2023-07-18,Jeddah,Electronics,107.0
2023-07-19,Jeddah,Electronics,90.0
2023-07-20,Jeddah,Electronics,144.0
2023-07-21,Jeddah,Electronics,94.0
2023-07-22,Jeddah,Electronics,204.0
2023-07-23,Jeddah,Electronics,153.0
2023-07-24,Jeddah,Electronics,112.0
2023-07-25,Jeddah,Electronics,133.0
2023-07-26,Jeddah,Electronics,88.0
2023-07-27,Jeddah,Electronics,114.0
2023-07-28,Jeddah,Electronics,131.0
2023-07-29,Jeddah,Electronics,181.0
2023-07-30,Jeddah,Electronics,180.0
2023-07-31,Jeddah,Electronics,92.0
2023-08-01,Jeddah,Electronics,104.0
2023-08-02,Jeddah,Electronics,132.0
2023-08-03,Jeddah,Electronics,128.0
2023-08-04,Jeddah,Electronics,147.0
2023-08-05,Jeddah,Electronics,199.0
2023-08-06,Jeddah,Electronics,153.0
2023-08-07,Jeddah,Electronics,129.0
2023-08-08,Jeddah,Electronics,130.0
2023-08-09,Jeddah,Electronics,115.0
2023-08-10,Jeddah,Electronics,107.0
2023-08-11,Jeddah,Electronics,118.0
2023-08-12,Jeddah,Electronics,206.0
2023-08-13,Jeddah,Electronics,187.0
2023-08-14,Jeddah,Electronics,81.0
2023-08-15,Jeddah,Electronics,73.0
2023-08-16,Jeddah,Electronics,119.0
2023-08-17,Jeddah,Electronics,152.0
2023-08-18,Jeddah,Electronics,111.0
2023-08-19,Jeddah,Electronics,202.0
2023-08-20,Jeddah,Electronics,173.0
2023-08-21,Jeddah,Electronics,104.0
2023-08-22,Jeddah,Electronics,96.0
2023-08-23,Jeddah,Electronics,83.0
2023-08-24,Jeddah,Electronics,89.0
2023-08-25,Jeddah,Electronics,151.0
2023-08-26,Jeddah,Electronics,164.0
2023-08-27,Jeddah,Electronics,198.0
2023-08-28,Jeddah,Electronics,142.0
2023-08-29,Jeddah,Electronics,148.0
2023-08-30,Jeddah,Electronics,140.0
2023-08-31,Jeddah,Electronics,132.0
2023-09-01,Jeddah,Electronics,107.0
2023-09-02,Jeddah,Electronics,154.0
2023-09-03,Jeddah,Electronics,165.0
2023-09-04,Jeddah,Electronics,112.0
2023-09-05,Jeddah,Electronics,107.0
2023-09-06,Jeddah,Electronics,91.0
2023-09-07,Jeddah,Electronics,119.0
2023-09-08,Jeddah,Electronics,104.0
2023-09-09,Jeddah,Electronics,187.0
2023-09-10,Jeddah,Electronics,159.0
2023-09-11,Jeddah,Electronics,108.0
2023-09-12,Jeddah,Electronics,111.0
2023-09-13,Jeddah,Electronics,84.0
2023-09-14,Jeddah,Electronics,140.0
2023-09-15,Jeddah,Electronics,100.0
2023-09-16,Jeddah,Electronics,195.0
2023-09-17,Jeddah,Electronics,165.0
2023-09-18,Jeddah,Electronics,63.0
2023-09-19,Jeddah,Electronics,108.0
2023-09-20,Jeddah,Electronics,101.0
2023-09-21,Jeddah,Electronics,68.0
2023-09-22,Jeddah,Electronics,90.0
2023-09-23,Jeddah,Electronics,154.0
2023-09-24,Jeddah,Electronics,119.0
2023-09-25,Jeddah,Electronics,102.0
2023-09-26,Jeddah,Electronics,91.0
2023-09-27,Jeddah,Electronics,93.0
2023-09-28,Jeddah,Electronics,105.0
2023-09-29,Jeddah,Electronics,118.0
2023-09-30,Jeddah,Electronics,161.0
2023-10-01,Jeddah,Electronics,164.0
2023-10-02,Jeddah,Electronics,64.0
2023-10-03,Jeddah,Electronics,95.0
2023-10-04,Jeddah,Electronics,98.0
2023-10-05,Jeddah,Electronics,112.0
2023-10-06,Jeddah,Electronics,126.0
2023-10-07,Jeddah,Electronics,154.0
2023-10-08,Jeddah,Electronics,158.0
2023-10-09,Jeddah,Electronics,74.0
2023-10-10,Jeddah,Electronics,96.0
2023-10-11,Jeddah,Electronics,94.0
2023-10-12,Jeddah,Electronics,114.0
2023-10-13,Jeddah,Electronics,102.0
2023-10-14,Jeddah,Electronics,151.0
2023-10-15,Jeddah,Electronics,149.0
2023-10-16,Jeddah,Electronics,100.0
2023-10-17,Jeddah,Electronics,87.0
2023-10-18,Jeddah,Electronics,114.0
2023-10-19,Jeddah,Electronics,92.0
2023-10-20,Jeddah,Electronics,96.0
2023-10-21,Jeddah,Electronics,167.0
2023-10-22,Jeddah,Electronics,138.0
2023-10-23,Jeddah,Electronics,78.0
2023-10-24,Jeddah,Electronics,88.0
2023-10-25,Jeddah,Electronics,85.0
2023-10-26,Jeddah,Electronics,101.0
2023-10-27,Jeddah,Electronics,110.0
2023-10-28,Jeddah,Electronics,152.0
2023-10-29,Jeddah,Electronics,163.0
2023-10-30,Jeddah,Electronics,87.0
2023-10-31,Jeddah,Electronics,106.0
2023-11-01,Jeddah,Electronics,124.0
2023-11-02,Jeddah,Electronics,120.0
2023-11-03,Jeddah,Electronics,103.0
2023-11-04,Jeddah,Electronics,141.0
2023-11-05,Jeddah,Electronics,295.0
2023-11-06,Jeddah,Electronics,166.0
2023-11-07,Jeddah,Electronics,120.0
2023-11-08,Jeddah,Electronics,163.0
2023-11-09,Jeddah,Electronics,97.0
2023-11-10,Jeddah,Electronics,107.0
2023-11-11,Jeddah,Electronics,165.0
2023-11-12,Jeddah,Electronics,146.0
2023-11-13,Jeddah,Electronics,98.0
2023-11-14,Jeddah,Electronics,84.0
2023-11-15,Jeddah,Electronics,94.0
2023-11-16,Jeddah,Electronics,92.0
2023-11-17,Jeddah,Electronics,137.0
2023-11-18,Jeddah,Electronics,158.0
2023-11-19,Jeddah,Electronics,165.0
2023-11-20,Jeddah,Electronics,75.0
2023-11-21,Jeddah,Electronics,101.0
2023-11-22,Jeddah,Electronics,85.0
2023-11-23,Jeddah,Electronics,108.0
2023-11-24,Jeddah,Electronics,115.0
2023-11-25,Jeddah,Electronics,148.0
2023-11-26,Jeddah,Electronics,130.0
2023-11-27,Jeddah,Electronics,98.0
2023-11-28,Jeddah,Electronics,125.0
2023-11-29,Jeddah,Electronics,101.0
2023-11-30,Jeddah,Electronics,74.0
2023-12-01,Jeddah,Electronics,107.0
2023-12-02,Jeddah,Electronics,183.0
2023-12-03,Jeddah,Electronics,227.0
2023-12-04,Jeddah,Electronics,93.0
2023-12-05,Jeddah,Electronics,105.0
2023-12-06,Jeddah,Electronics,106.0
2023-12-07,Jeddah,Electronics,111.0
2023-12-08,Jeddah,Electronics,86.0
2023-12-09,Jeddah,Electronics,205.0
2023-12-10,Jeddah,Electronics,204.0
2023-12-11,Jeddah,Electronics,113.0
2023-12-12,Jeddah,Electronics,145.0
2023-12-13,Jeddah,Electronics,183.0
2023-12-14,Jeddah,Electronics,238.0
2023-12-15,Jeddah,Electronics,128.0
2023-12-16,Jeddah,Electronics,165.0
2023-12-17,Jeddah,Electronics,253.0
2023-12-18,Jeddah,Electronics,135.0
2023-12-19,Jeddah,Electronics,98.0
2023-12-20,Jeddah,Electronics,131.0
2023-12-21,Jeddah,Electronics,150.0
2023-12-22,Jeddah,Electronics,159.0
2023-12-23,Jeddah,Electronics,203.0
2023-12-24,Jeddah,Electronics,176.0
2023-12-25,Jeddah,Electronics,126.0
2023-12-26,Jeddah,Electronics,110.0
2023-12-27,Jeddah,Electronics,112.0
2023-12-28,Jeddah,Electronics,99.0
2023-12-29,Jeddah,Electronics,125.0
2023-12-30,Jeddah,Electronics,194.0
2023-12-31,Jeddah,Electronics,174.0
2024-01-01,Jeddah,Electronics,132.0
2024-01-02,Jeddah,Electronics,147.0
2024-01-03,Jeddah,Electronics,120.0
2024-01-04,Jeddah,Electronics,107.0
2024-01-05,Jeddah,Electronics,143.0
2024-01-06,Jeddah,Electronics,210.0
2024-01-07,Jeddah,Electronics,203.0
2024-01-08,Jeddah,Electronics,87.0
2024-01-09,Jeddah,Electronics,116.0
2024-01-10,Jeddah,Electronics,138.0
2024-01-11,Jeddah,Electronics,131.0
2024-01-12,Jeddah,Electronics,145.0
2024-01-13,Jeddah,Electronics,196.0
2024-01-14,Jeddah,Electronics,190.0
2024-01-15,Jeddah,Electronics,134.0
2024-01-16,Jeddah,Electronics,116.0
2024-01-17,Jeddah,Electronics,150.0
2024-01-18,Jeddah,Electronics,126.0
2024-01-19,Jeddah,Electronics,161.0
2024-01-20,Jeddah,Electronics,181.0
2024-01-21,Jeddah,Electronics,226.0
2024-01-22,Jeddah,Electronics,175.0
2024-01-23,Jeddah,Electronics,128.0
2024-01-24,Jeddah,Electronics,155.0
2024-01-25,Jeddah,Electronics,156.0
2024-01-26,Jeddah,Electronics,145.0
2024-01-27,Jeddah,Electronics,232.0
2024-01-28,Jeddah,Electronics,196.0
2024-01-29,Jeddah,Electronics,134.0
2024-01-30,Jeddah,Electronics,139.0
2024-01-31,Jeddah,Electronics,143.0
2024-02-01,Jeddah,Electronics,134.0
2024-02-02,Jeddah,Electronics,150.0
2024-02-03,Jeddah,Electronics,215.0
2024-02-04,Jeddah,Electronics,241.0
2024-02-05,Jeddah,Electronics,144.0
2024-02-06,Jeddah,Electronics,132.0
2024-02-07,Jeddah,Electronics,142.0
2024-02-08,Jeddah,Electronics,199.0
2024-02-09,Jeddah,Electronics,144.0
2024-02-10,Jeddah,Electronics,232.0
2024-02-11,Jeddah,Electronics,249.0
2024-02-12,Jeddah,Electronics,139.0
2024-02-13,Jeddah,Electronics,142.0
2024-02-14,Jeddah,Electronics,157.0
2024-02-15,Jeddah,Electronics,115.0
2024-02-16,Jeddah,Electronics,133.0
2024-02-17,Jeddah,Electronics,261.0
2024-02-18,Jeddah,Electronics,266.0
2024-02-19,Jeddah,Electronics,109.0
2024-02-20,Jeddah,Electronics,169.0
2024-02-21,Jeddah,Electronics,187.0
2024-02-22,Jeddah,Electronics,157.0
2024-02-23,Jeddah,Electronics,181.0
2024-02-24,Jeddah,Electronics,242.0
2024-02-25,Jeddah,Electronics,224.0
2024-02-26,Jeddah,Electronics,165.0
2024-02-27,Jeddah,Electronics,177.0
2024-02-28,Jeddah,Electronics,126.0
2024-02-29,Jeddah,Electronics,121.0
2024-03-01,Jeddah,Electronics,212.0
2024-03-02,Jeddah,Electronics,235.0
2024-03-03,Jeddah,Electronics,259.0
2024-03-04,Jeddah,Electronics,123.0
2024-03-05,Jeddah,Electronics,116.0
2024-03-06,Jeddah,Electronics,148.0
2024-03-07,Jeddah,Electronics,153.0
2024-03-08,Jeddah,Electronics,147.0
2024-03-09,Jeddah,Electronics,261.0
2024-03-10,Jeddah,Electronics,246.0
2024-03-11,Jeddah,Electronics,151.0
2024-03-12,Jeddah,Electronics,149.0
2024-03-13,Jeddah,Electronics,144.0
2024-03-14,Jeddah,Electronics,168.0
2024-03-15,Jeddah,Electronics,180.0
2024-03-16,Jeddah,Electronics,263.0
2024-03-17,Jeddah,Electronics,246.0
2024-03-18,Jeddah,Electronics,102.0
2024-03-19,Jeddah,Electronics,136.0
2024-03-20,Jeddah,Electronics,131.0
2024-03-21,Jeddah,Electronics,128.0
2024-03-22,Jeddah,Electronics,162.0
2024-03-23,Jeddah,Electronics,294.0
2024-03-24,Jeddah,Electronics,192.0
2024-03-25,Jeddah,Electronics,148.0
2024-03-26,Jeddah,Electronics,149.0
2024-03-27,Jeddah,Electronics,219.0
2024-03-28,Jeddah,Electronics,183.0
2024-03-29,Jeddah,Electronics,211.0
2024-03-30,Jeddah,Electronics,379.0
2024-03-31,Jeddah,Electronics,275.0
2024-04-01,Jeddah,Electronics,210.0
2024-04-02,Jeddah,Electronics,151.0
2024-04-03,Jeddah,Electronics,215.0
2024-04-04,Jeddah,Electronics,187.0
2024-04-05,Jeddah,Electronics,224.0
2024-04-06,Jeddah,Electronics,413.0
2024-04-07,Jeddah,Electronics,312.0
2024-04-08,Jeddah,Electronics,210.0
2024-04-09,Jeddah,Electronics,106.0
2024-04-10,Jeddah,Electronics,120.0
2024-04-11,Jeddah,Electronics,103.0
2024-04-12,Jeddah,Electronics,174.0
2024-04-13,Jeddah,Electronics,239.0
2024-04-14,Jeddah,Electronics,220.0
2024-04-15,Jeddah,Electronics,167.0
2024-04-16,Jeddah,Electronics,117.0
2024-04-17,Jeddah,Electronics,143.0
2024-04-18,Jeddah,Electronics,118.0
2024-04-19,Jeddah,Electronics,144.0
2024-04-20,Jeddah,Electronics,198.0
2024-04-21,Jeddah,Electronics,224.0
2024-04-22,Jeddah,Electronics,140.0
2024-04-23,Jeddah,Electronics,153.0
2024-04-24,Jeddah,Electronics,165.0
2024-04-25,Jeddah,Electronics,111.0
2024-04-26,Jeddah,Electronics,110.0
2024-04-27,Jeddah,Electronics,257.0
2024-04-28,Jeddah,Electronics,250.0
2024-04-29,Jeddah,Electronics,130.0
2024-04-30,Jeddah,Electronics,166.0
2024-05-01,Jeddah,Electronics,138.0
2024-05-02,Jeddah,Electronics,95.0
2024-05-03,Jeddah,Electronics,131.0
2024-05-04,Jeddah,Electronics,275.0
2024-05-05,Jeddah,Electronics,191.0
2024-05-06,Jeddah,Electronics,132.0
2024-05-07,Jeddah,Electronics,188.0
2024-05-08,Jeddah,Electronics,145.0
2024-05-09,Jeddah,Electronics,122.0
2024-05-10,Jeddah,Electronics,129.0
2024-05-11,Jeddah,Electronics,238.0
2024-05-12,Jeddah,Electronics,183.0
2024-05-13,Jeddah,Electronics,135.0
2024-05-14,Jeddah,Electronics,90.0
2024-05-15,Jeddah,Electronics,108.0
2024-05-16,Jeddah,Electronics,142.0
2024-05-17,Jeddah,Electronics,170.0
2024-05-18,Jeddah,Electronics,185.0
2024-05-19,Jeddah,Electronics,202.0
2024-05-20,Jeddah,Electronics,110.0
2024-05-21,Jeddah,Electronics,131.0
2024-05-22,Jeddah,Electronics,135.0
2024-05-23,Jeddah,Electronics,123.0
2024-05-24,Jeddah,Electronics,143.0
2024-05-25,Jeddah,Electronics,234.0
2024-05-26,Jeddah,Electronics,147.0
2024-05-27,Jeddah,Electronics,132.0
2024-05-28,Jeddah,Electronics,163.0
2024-05-29,Jeddah,Electronics,126.0
2024-05-30,Jeddah,Electronics,122.0
2024-05-31,Jeddah,Electronics,150.0
2024-06-01,Jeddah,Electronics,152.0
2024-06-02,Jeddah,Electronics,230.0
2024-06-03,Jeddah,Electronics,88.0
2024-06-04,Jeddah,Electronics,137.0
2024-06-05,Jeddah,Electronics,144.0
2024-06-06,Jeddah,Electronics,107.0
2024-06-07,Jeddah,Electronics,142.0
2024-06-08,Jeddah,Electronics,233.0
2024-06-09,Jeddah,Electronics,230.0
2024-06-10,Jeddah,Electronics,108.0
2024-06-11,Jeddah,Electronics,128.0
2024-06-12,Jeddah,Electronics,107.0
2024-06-13,Jeddah,Electronics,128.0
2024-06-14,Jeddah,Electronics,137.0
2024-06-15,Jeddah,Electronics,179.0
2024-06-16,Jeddah,Electronics,234.0
2024-06-17,Jeddah,Electronics,123.0
2024-06-18,Jeddah,Electronics,178.0
2024-06-19,Jeddah,Electronics,116.0
2024-06-20,Jeddah,Electronics,114.0
2024-06-21,Jeddah,Electronics,118.0
2024-06-22,Jeddah,Electronics,188.0
2024-06-23,Jeddah,Electronics,188.0
2024-06-24,Jeddah,Electronics,128.0
2024-06-25,Jeddah,Electronics,104.0
2024-06-26,Jeddah,Electronics,148.0
2024-06-27,Jeddah,Electronics,125.0
2024-06-28,Jeddah,Electronics,163.0
2024-06-29,Jeddah,Electronics,236.0
2024-06-30,Jeddah,Electronics,174.0
2024-07-01,Jeddah,Electronics,115.0
2024-07-02,Jeddah,Electronics,100.0
2024-07-03,Jeddah,Electronics,92.0
2024-07-04,Jeddah,Electronics,158.0
2024-07-05,Jeddah,Electronics,135.0
2024-07-06,Jeddah,Electronics,266.0
2024-07-07,Jeddah,Electronics,237.0
2024-07-08,Jeddah,Electronics,91.0
2024-07-09,Jeddah,Electronics,162.0
2024-07-10,Jeddah,Electronics,118.0
2024-07-11,Jeddah,Electronics,128.0
2024-07-12,Jeddah,Electronics,157.0
2024-07-13,Jeddah,Electronics,212.0
2024-07-14,Jeddah,Electronics,209.0
2024-07-15,Jeddah,Electronics,106.0
2024-07-16,Jeddah,Electronics,144.0
2024-07-17,Jeddah,Electronics,134.0
2024-07-18,Jeddah,Electronics,97.0
2024-07-19,Jeddah,Electronics,128.0
2024-07-20,Jeddah,Electronics,243.0
2024-07-21,Jeddah,Electronics,206.0
2024-07-22,Jeddah,Electronics,91.0
2024-07-23,Jeddah,Electronics,141.0
2024-07-24,Jeddah,Electronics,113.0
2024-07-25,Jeddah,Electronics,143.0
2024-07-26,Jeddah,Electronics,126.0
2024-07-27,Jeddah,Electronics,213.0
2024-07-28,Jeddah,Electronics,212.0
2024-07-29,Jeddah,Electronics,138.0
2024-07-30,Jeddah,Electronics,113.0
2024-07-31,Jeddah,Electronics,121.0
2024-08-01,Jeddah,Electronics,115.0
2024-08-02,Jeddah,Electronics,133.0
2024-08-03,Jeddah,Electronics,202.0
2024-08-04,Jeddah,Electronics,196.0
2024-08-05,Jeddah,Electronics,152.0
2024-08-06,Jeddah,Electronics,103.0
2024-08-07,Jeddah,Electronics,100.0
2024-08-08,Jeddah,Electronics,115.0
2024-08-09,Jeddah,Electronics,147.0
2024-08-10,Jeddah,Electronics,256.0
2024-08-11,Jeddah,Electronics,173.0
2024-08-12,Jeddah,Electronics,141.0
2024-08-13,Jeddah,Electronics,81.0
2024-08-14,Jeddah,Electronics,128.0
2024-08-15,Jeddah,Electronics,129.0
2024-08-16,Jeddah,Electronics,132.0
2024-08-17,Jeddah,Electronics,160.0
2024-08-18,Jeddah,Electronics,176.0
2024-08-19,Jeddah,Electronics,103.0
2024-08-20,Jeddah,Electronics,109.0
2024-08-21,Jeddah,Electronics,138.0
2024-08-22,Jeddah,Electronics,100.0
2024-08-23,Jeddah,Electronics,131.0
2024-08-24,Jeddah,Electronics,166.0
2024-08-25,Jeddah,Electronics,169.0
2024-08-26,Jeddah,Electronics,123.0
2024-08-27,Jeddah,Electronics,119.0
2024-08-28,Jeddah,Electronics,153.0
2024-08-29,Jeddah,Electronics,189.0
2024-08-30,Jeddah,Electronics,131.0
2024-08-31,Jeddah,Electronics,148.0
2024-09-01,Jeddah,Electronics,174.0
2024-09-02,Jeddah,Electronics,98.0
2024-09-03,Jeddah,Electronics,78.0
2024-09-04,Jeddah,Electronics,110.0
2024-09-05,Jeddah,Electronics,115.0
2024-09-06,Jeddah,Electronics,134.0
2024-09-07,Jeddah,Electronics,235.0
2024-09-08,Jeddah,Electronics,191.0
2024-09-09,Jeddah,Electronics,123.0
2024-09-10,Jeddah,Electronics,106.0
2024-09-11,Jeddah,Electronics,189.0
2024-09-12,Jeddah,Electronics,179.0
2024-09-13,Jeddah,Electronics,220.0
2024-09-14,Jeddah,Electronics,167.0
2024-09-15,Jeddah,Electronics,184.0
2024-09-16,Jeddah,Electronics,85.0
2024-09-17,Jeddah,Electronics,95.0
2024-09-18,Jeddah,Electronics,100.0
2024-09-19,Jeddah,Electronics,110.0
2024-09-20,Jeddah,Electronics,115.0
2024-09-21,Jeddah,Electronics,175.0
2024-09-22,Jeddah,Electronics,168.0
2024-09-23,Jeddah,Electronics,77.0
2024-09-24,Jeddah,Electronics,135.0
2024-09-25,Jeddah,Electronics,106.0
2024-09-26,Jeddah,Electronics,116.0
2024-09-27,Jeddah,Electronics,124.0
2024-09-28,Jeddah,Electronics,152.0
2024-09-29,Jeddah,Electronics,148.0
2024-09-30,Jeddah,Electronics,115.0
2024-10-01,Jeddah,Electronics,108.0
2024-10-02,Jeddah,Electronics,86.0
2024-10-03,Jeddah,Electronics,115.0
2024-10-04,Jeddah,Electronics,107.0
2024-10-05,Jeddah,Electronics,161.0
2024-10-06,Jeddah,Electronics,166.0
2024-10-07,Jeddah,Electronics,93.0
2024-10-08,Jeddah,Electronics,102.0
2024-10-09,Jeddah,Electronics,112.0
2024-10-10,Jeddah,Electronics,102.0
2024-10-11,Jeddah,Electronics,122.0
2024-10-12,Jeddah,Electronics,210.0
2024-10-13,Jeddah,Electronics,200.0
2024-10-14,Jeddah,Electronics,82.0
2024-10-15,Jeddah,Electronics,85.0
2024-10-16,Jeddah,Electronics,91.0
2024-10-17,Jeddah,Electronics,114.0
2024-10-18,Jeddah,Electronics,126.0
2024-10-19,Jeddah,Electronics,216.0
2024-10-20,Jeddah,Electronics,195.0
2024-10-21,Jeddah,Electronics,137.0
2024-10-22,Jeddah,Electronics,89.0
2024-10-23,Jeddah,Electronics,118.0
2024-10-24,Jeddah,Electronics,86.0
2024-10-25,Jeddah,Electronics,140.0
2024-10-26,Jeddah,Electronics,158.0
2024-10-27,Jeddah,Electronics,164.0
2024-10-28,Jeddah,Electronics,108.0
2024-10-29,Jeddah,Electronics,141.0
2024-10-30,Jeddah,Electronics,135.0
2024-10-31,Jeddah,Electronics,158.0
2024-11-01,Jeddah,Electronics,109.0
2024-11-02,Jeddah,Electronics,173.0
2024-11-03,Jeddah,Electronics,159.0
2024-11-04,Jeddah,Electronics,133.0
2024-11-05,Jeddah,Electronics,109.0
2024-11-06,Jeddah,Electronics,99.0
2024-11-07,Jeddah,Electronics,102.0
2024-11-08,Jeddah,Electronics,113.0
2024-11-09,Jeddah,Electronics,168.0
2024-11-10,Jeddah,Electronics,191.0
2024-11-11,Jeddah,Electronics,103.0
2024-11-12,Jeddah,Electronics,107.0
2024-11-13,Jeddah,Electronics,90.0
2024-11-14,Jeddah,Electronics,105.0
2024-11-15,Jeddah,Electronics,132.0
2024-11-16,Jeddah,Electronics,172.0
2024-11-17,Jeddah,Electronics,156.0
2024-11-18,Jeddah,Electronics,104.0
2024-11-19,Jeddah,Electronics,110.0
2024-11-20,Jeddah,Electronics,108.0
2024-11-21,Jeddah,Electronics,95.0
2024-11-22,Jeddah,Electronics,121.0
2024-11-23,Jeddah,Electronics,169.0
2024-11-24,Jeddah,Electronics,190.0
2024-11-25,Jeddah,Electronics,115.0
2024-11-26,Jeddah,Electronics,133.0
2024-11-27,Jeddah,Electronics,119.0
2024-11-28,Jeddah,Electronics,130.0
2024-11-29,Jeddah,Electronics,125.0
2024-11-30,Jeddah,Electronics,210.0
2024-12-01,Jeddah,Electronics,233.0
2024-12-02,Jeddah,Electronics,131.0
2024-12-03,Jeddah,Electronics,134.0
2024-12-04,Jeddah,Electronics,99.0
2024-12-05,Jeddah,Electronics,99.0
2024-12-06,Jeddah,Electronics,132.0
2024-12-07,Jeddah,Electronics,191.0
2024-12-08,Jeddah,Electronics,268.0
2024-12-09,Jeddah,Electronics,164.0
2024-12-10,Jeddah,Electronics,155.0
2024-12-11,Jeddah,Electronics,142.0
2024-12-12,Jeddah,Electronics,142.0
2024-12-13,Jeddah,Electronics,106.0
2024-12-14,Jeddah,Electronics,221.0
2024-12-15,Jeddah,Electronics,178.0
2024-12-16,Jeddah,Electronics,157.0
2024-12-17,Jeddah,Electronics,145.0
2024-12-18,Jeddah,Electronics,165.0
2024-12-19,Jeddah,Electronics,135.0
2024-12-20,Jeddah,Electronics,85.0
2024-12-21,Jeddah,Electronics,226.0
2024-12-22,Jeddah,Electronics,187.0
2024-12-23,Jeddah,Electronics,133.0
2024-12-24,Jeddah,Electronics,135.0
2024-12-25,Jeddah,Electronics,141.0
2024-12-26,Jeddah,Electronics,137.0
2024-12-27,Jeddah,Electronics,147.0
2024-12-28,Jeddah,Electronics,203.0
2024-12-29,Jeddah,Electronics,199.0
2024-12-30,Jeddah,Electronics,98.0
2024-12-31,Jeddah,Electronics,165.0
2025-01-01,Jeddah,Electronics,157.0
2025-01-02,Jeddah,Electronics,122.0
2025-01-03,Jeddah,Electronics,121.0
2025-01-04,Jeddah,Electronics,279.0
2025-01-05,Jeddah,Electronics,241.0
2025-01-06,Jeddah,Electronics,162.0
2025-01-07,Jeddah,Electronics,157.0
2025-01-08,Jeddah,Electronics,93.0
2025-01-09,Jeddah,Electronics,149.0
2025-01-10,Jeddah,Electronics,220.0
2025-01-11,Jeddah,Electronics,206.0
2025-01-12,Jeddah,Electronics,214.0
2025-01-13,Jeddah,Electronics,161.0
2025-01-14,Jeddah,Electronics,139.0
2025-01-15,Jeddah,Electronics,132.0
2025-01-16,Jeddah,Electronics,137.0
2025-01-17,Jeddah,Electronics,169.0
2025-01-18,Jeddah,Electronics,264.0
2025-01-19,Jeddah,Electronics,216.0
2025-01-20,Jeddah,Electronics,134.0
2025-01-21,Jeddah,Electronics,111.0
2025-01-22,Jeddah,Electronics,162.0
2025-01-23,Jeddah,Electronics,158.0
2025-01-24,Jeddah,Electronics,174.0
2025-01-25,Jeddah,Electronics,280.0
2025-01-26,Jeddah,Electronics,201.0
2025-01-27,Jeddah,Electronics,148.0
2025-01-28,Jeddah,Electronics,225.0
2025-01-29,Jeddah,Electronics,263.0
2025-01-30,Jeddah,Electronics,146.0
2025-01-31,Jeddah,Electronics,192.0
2025-02-01,Jeddah,Electronics,267.0
2025-02-02,Jeddah,Electronics,308.0
2025-02-03,Jeddah,Electronics,132.0
2025-02-04,Jeddah,Electronics,186.0
2025-02-05,Jeddah,Electronics,215.0
2025-02-06,Jeddah,Electronics,138.0
2025-02-07,Jeddah,Electronics,191.0
2025-02-08,Jeddah,Electronics,237.0
2025-02-09,Jeddah,Electronics,227.0
2025-02-10,Jeddah,Electronics,158.0
2025-02-11,Jeddah,Electronics,184.0
2025-02-12,Jeddah,Electronics,176.0
2025-02-13,Jeddah,Electronics,194.0
2025-02-14,Jeddah,Electronics,163.0
2025-02-15,Jeddah,Electronics,318.0
2025-02-16,Jeddah,Electronics,307.0
2025-02-17,Jeddah,Electronics,162.0
2025-02-18,Jeddah,Electronics,157.0
2025-02-19,Jeddah,Electronics,117.0
2025-02-20,Jeddah,Electronics,151.0
2025-02-21,Jeddah,Electronics,207.0
2025-02-22,Jeddah,Electronics,294.0
2025-02-23,Jeddah,Electronics,222.0
2025-02-24,Jeddah,Electronics,160.0
2025-02-25,Jeddah,Electronics,197.0
2025-02-26,Jeddah,Electronics,177.0
2025-02-27,Jeddah,Electronics,176.0
2025-02-28,Jeddah,Electronics,144.0
2025-03-01,Jeddah,Electronics,244.0
2025-03-02,Jeddah,Electronics,236.0
2025-03-03,Jeddah,Electronics,164.0
2025-03-04,Jeddah,Electronics,180.0
2025-03-05,Jeddah,Electronics,176.0
2025-03-06,Jeddah,Electronics,135.0
2025-03-07,Jeddah,Electronics,174.0
2025-03-08,Jeddah,Electronics,264.0
2025-03-09,Jeddah,Electronics,271.0
2025-03-10,Jeddah,Electronics,199.0
2025-03-11,Jeddah,Electronics,138.0
2025-03-12,Jeddah,Electronics,196.0
2025-03-13,Jeddah,Electronics,162.0
2025-03-14,Jeddah,Electronics,177.0
2025-03-15,Jeddah,Electronics,291.0
2025-03-16,Jeddah,Electronics,374.0
2025-03-17,Jeddah,Electronics,252.0
2025-03-18,Jeddah,Electronics,263.0
2025-03-19,Jeddah,Electronics,275.0
2025-03-20,Jeddah,Electronics,274.0
2025-03-21,Jeddah,Electronics,365.0
2025-03-22,Jeddah,Electronics,347.0
2025-03-23,Jeddah,Electronics,468.0
2025-03-24,Jeddah,Electronics,266.0
2025-03-25,Jeddah,Electronics,189.0
2025-03-26,Jeddah,Electronics,266.0
2025-03-27,Jeddah,Electronics,147.0
2025-03-28,Jeddah,Electronics,185.0
2025-03-29,Jeddah,Electronics,302.0
2025-03-30,Jeddah,Electronics,293.0
2025-03-31,Jeddah,Electronics,175.0
2025-04-01,Jeddah,Electronics,207.0
2025-04-02,Jeddah,Electronics,171.0
2025-04-03,Jeddah,Electronics,137.0
2025-04-04,Jeddah,Electronics,148.0
2025-04-05,Jeddah,Electronics,277.0
2025-04-06,Jeddah,Electronics,247.0
2025-04-07,Jeddah,Electronics,132.0
2025-04-08,Jeddah,Electronics,158.0
2025-04-09,Jeddah,Electronics,194.0
2025-04-10,Jeddah,Electronics,132.0
2025-04-11,Jeddah,Electronics,191.0
2025-04-12,Jeddah,Electronics,270.0
2025-04-13,Jeddah,Electronics,202.0
2025-04-14,Jeddah,Electronics,171.0
2025-04-15,Jeddah,Electronics,138.0
2025-04-16,Jeddah,Electronics,204.0
2025-04-17,Jeddah,Electronics,222.0
2025-04-18,Jeddah,Electronics,242.0
2025-04-19,Jeddah,Electronics,335.0
2025-04-20,Jeddah,Electronics,298.0
2025-04-21,Jeddah,Electronics,184.0
2025-04-22,Jeddah,Electronics,194.0
2025-04-23,Jeddah,Electronics,139.0
2025-04-24,Jeddah,Electronics,140.0
2025-04-25,Jeddah,Electronics,208.0
2025-04-26,Jeddah,Electronics,242.0
2025-04-27,Jeddah,Electronics,148.0
2025-04-28,Jeddah,Electronics,107.0
2025-04-29,Jeddah,Electronics,164.0
2025-04-30,Jeddah,Electronics,182.0
2025-05-01,Jeddah,Electronics,147.0
2025-05-02,Jeddah,Electronics,166.0
2025-05-03,Jeddah,Electronics,283.0
2025-05-04,Jeddah,Electronics,334.0
2025-05-05,Jeddah,Electronics,180.0
2025-05-06,Jeddah,Electronics,144.0
2025-05-07,Jeddah,Electronics,153.0
2025-05-08,Jeddah,Electronics,127.0
2025-05-09,Jeddah,Electronics,182.0
2025-05-10,Jeddah,Electronics,274.0
2025-05-11,Jeddah,Electronics,283.0
2025-05-12,Jeddah,Electronics,102.0
2025-05-13,Jeddah,Electronics,132.0
2025-05-14,Jeddah,Electronics,177.0
2025-05-15,Jeddah,Electronics,172.0
2025-05-16,Jeddah,Electronics,151.0
2025-05-17,Jeddah,Electronics,226.0
2025-05-18,Jeddah,Electronics,236.0
2025-05-19,Jeddah,Electronics,110.0
2025-05-20,Jeddah,Electronics,161.0
2025-05-21,Jeddah,Electronics,127.0
2025-05-22,Jeddah,Electronics,167.0
2025-05-23,Jeddah,Electronics,146.0
2025-05-24,Jeddah,Electronics,263.0
2025-05-25,Jeddah,Electronics,219.0
2025-05-26,Jeddah,Electronics,142.0
2025-05-27,Jeddah,Electronics,176.0
2025-05-28,Jeddah,Electronics,145.0
2025-05-29,Jeddah,Electronics,150.0
2025-05-30,Jeddah,Electronics,159.0
2025-05-31,Jeddah,Electronics,268.0
2025-06-01,Jeddah,Electronics,257.0
2025-06-02,Jeddah,Electronics,128.0
2025-06-03,Jeddah,Electronics,137.0
2025-06-04,Jeddah,Electronics,137.0
2025-06-05,Jeddah,Electronics,157.0
2025-06-06,Jeddah,Electronics,131.0
2025-06-07,Jeddah,Electronics,232.0
2025-06-08,Jeddah,Electronics,233.0
2025-06-09,Jeddah,Electronics,106.0
2025-06-10,Jeddah,Electronics,145.0
2025-06-11,Jeddah,Electronics,142.0
2025-06-12,Jeddah,Electronics,119.0
2025-06-13,Jeddah,Electronics,153.0
2025-06-14,Jeddah,Electronics,209.0
2025-06-15,Jeddah,Electronics,216.0
2025-06-16,Jeddah,Electronics,157.0
2025-06-17,Jeddah,Electronics,109.0
2025-06-18,Jeddah,Electronics,147.0
2025-06-19,Jeddah,Electronics,133.0
2025-06-20,Jeddah,Electronics,154.0
2025-06-21,Jeddah,Electronics,268.0
2025-06-22,Jeddah,Electronics,237.0
2025-06-23,Jeddah,Electronics,141.0
2025-06-24,Jeddah,Electronics,185.0
2025-06-25,Jeddah,Electronics,133.0
2025-06-26,Jeddah,Electronics,147.0
2025-06-27,Jeddah,Electronics,175.0
2025-06-28,Jeddah,Electronics,351.0
2025-06-29,Jeddah,Electronics,377.0
2025-06-30,Jeddah,Electronics,189.0
2025-07-01,Jeddah,Electronics,167.0
2025-07-02,Jeddah,Electronics,114.0
2025-07-03,Jeddah,Electronics,168.0
2025-07-04,Jeddah,Electronics,199.0
2025-07-05,Jeddah,Electronics,219.0
2025-07-06,Jeddah,Electronics,192.0
2025-07-07,Jeddah,Electronics,109.0
2025-07-08,Jeddah,Electronics,148.0
2025-07-09,Jeddah,Electronics,124.0
2025-07-10,Jeddah,Electronics,144.0
2025-07-11,Jeddah,Electronics,122.0
2025-07-12,Jeddah,Electronics,181.0
2025-07-13,Jeddah,Electronics,259.0
2025-07-14,Jeddah,Electronics,136.0
2025-07-15,Jeddah,Electronics,153.0
2025-07-16,Jeddah,Electronics,130.0
2025-07-17,Jeddah,Electronics,142.0
2025-07-18,Jeddah,Electronics,137.0
2025-07-19,Jeddah,Electronics,285.0
2025-07-20,Jeddah,Electronics,266.0
2025-07-21,Jeddah,Electronics,133.0
2025-07-22,Jeddah,Electronics,200.0
2025-07-23,Jeddah,Electronics,190.0
2025-07-24,Jeddah,Electronics,227.0
2025-07-25,Jeddah,Electronics,167.0
2025-07-26,Jeddah,Electronics,248.0
2025-07-27,Jeddah,Electronics,230.0
2025-07-28,Jeddah,Electronics,148.0
2025-07-29,Jeddah,Electronics,126.0
2025-07-30,Jeddah,Electronics,143.0
2025-07-31,Jeddah,Electronics,171.0
2025-08-01,Jeddah,Electronics,148.0
2025-08-02,Jeddah,Electronics,235.0
2025-08-03,Jeddah,Electronics,268.0
2025-08-04,Jeddah,Electronics,125.0
2025-08-05,Jeddah,Electronics,174.0
2025-08-06,Jeddah,Electronics,146.0
2025-08-07,Jeddah,Electronics,142.0
2025-08-08,Jeddah,Electronics,154.0
2025-08-09,Jeddah,Electronics,264.0
2025-08-10,Jeddah,Electronics,179.0
2025-08-11,Jeddah,Electronics,147.0
2025-08-12,Jeddah,Electronics,115.0
2025-08-13,Jeddah,Electronics,128.0
2025-08-14,Jeddah,Electronics,161.0
2025-08-15,Jeddah,Electronics,145.0
2025-08-16,Jeddah,Electronics,164.0
2025-08-17,Jeddah,Electronics,242.0
2025-08-18,Jeddah,Electronics,119.0
2025-08-19,Jeddah,Electronics,147.0
2025-08-20,Jeddah,Electronics,162.0
2025-08-21,Jeddah,Electronics,128.0
2025-08-22,Jeddah,Electronics,177.0
2025-08-23,Jeddah,Electronics,260.0
2025-08-24,Jeddah,Electronics,219.0
2025-08-25,Jeddah,Electronics,160.0
2025-08-26,Jeddah,Electronics,128.0
2025-08-27,Jeddah,Electronics,119.0
2025-08-28,Jeddah,Electronics,128.0
2025-08-29,Jeddah,Electronics,182.0
2025-08-30,Jeddah,Electronics,237.0
2025-08-31,Jeddah,Electronics,229.0
2025-09-01,Jeddah,Electronics,127.0
2025-09-02,Jeddah,Electronics,102.0
2025-09-03,Jeddah,Electronics,147.0
2025-09-04,Jeddah,Electronics,116.0
2025-09-05,Jeddah,Electronics,194.0
2025-09-06,Jeddah,Electronics,186.0
2025-09-07,Jeddah,Electronics,200.0
2025-09-08,Jeddah,Electronics,100.0
2025-09-09,Jeddah,Electronics,126.0
2025-09-10,Jeddah,Electronics,128.0
2025-09-11,Jeddah,Electronics,161.0
2025-09-12,Jeddah,Electronics,130.0
2025-09-13,Jeddah,Electronics,215.0
2025-09-14,Jeddah,Electronics,156.0
2025-09-15,Jeddah,Electronics,138.0
2025-09-16,Jeddah,Electronics,119.0
2025-09-17,Jeddah,Electronics,102.0
2025-09-18,Jeddah,Electronics,119.0
2025-09-19,Jeddah,Electronics,177.0
2025-09-20,Jeddah,Electronics,208.0
2025-09-21,Jeddah,Electronics,206.0
2025-09-22,Jeddah,Electronics,131.0
2025-09-23,Jeddah,Electronics,140.0
2025-09-24,Jeddah,Electronics,135.0
2025-09-25,Jeddah,Electronics,112.0
2025-09-26,Jeddah,Electronics,125.0
2025-09-27,Jeddah,Electronics,190.0
2025-09-28,Jeddah,Electronics,186.0
2025-09-29,Jeddah,Electronics,115.0
2025-09-30,Jeddah,Electronics,121.0
2025-10-01,Jeddah,Electronics,122.0
2025-10-02,Jeddah,Electronics,123.0
2025-10-03,Jeddah,Electronics,174.0
2025-10-04,Jeddah,Electronics,143.0
2025-10-05,Jeddah,Electronics,214.0
2025-10-06,Jeddah,Electronics,121.0
2025-10-07,Jeddah,Electronics,102.0
2025-10-08,Jeddah,Electronics,105.0
2025-10-09,Jeddah,Electronics,139.0
2025-10-10,Jeddah,Electronics,172.0
2025-10-11,Jeddah,Electronics,160.0
2025-10-12,Jeddah,Electronics,219.0
2025-10-13,Jeddah,Electronics,91.0
2025-10-14,Jeddah,Electronics,101.0
2025-10-15,Jeddah,Electronics,114.0
2025-10-16,Jeddah,Electronics,125.0
2025-10-17,Jeddah,Electronics,127.0
2025-10-18,Jeddah,Electronics,158.0
2025-10-19,Jeddah,Electronics,186.0
2025-10-20,Jeddah,Electronics,88.0
2025-10-21,Jeddah,Electronics,109.0
2025-10-22,Jeddah,Electronics,168.0
2025-10-23,Jeddah,Electronics,128.0
2025-10-24,Jeddah,Electronics,129.0
2025-10-25,Jeddah,Electronics,190.0
2025-10-26,Jeddah,Electronics,195.0
2025-10-27,Jeddah,Electronics,114.0
2025-10-28,Jeddah,Electronics,114.0
2025-10-29,Jeddah,Electronics,120.0
2025-10-30,Jeddah,Electronics,133.0
2025-10-31,Jeddah,Electronics,152.0
2025-11-01,Jeddah,Electronics,181.0
2025-11-02,Jeddah,Electronics,216.0
2025-11-03,Jeddah,Electronics,77.0
2025-11-04,Jeddah,Electronics,107.0
2025-11-05,Jeddah,Electronics,103.0
2025-11-06,Jeddah,Electronics,106.0
2025-11-07,Jeddah,Electronics,137.0
2025-11-08,Jeddah,Electronics,232.0
2025-11-09,Jeddah,Electronics,188.0
2025-11-10,Jeddah,Electronics,117.0
2025-11-11,Jeddah,Electronics,125.0
2025-11-12,Jeddah,Electronics,131.0
2025-11-13,Jeddah,Electronics,110.0
2025-11-14,Jeddah,Electronics,135.0
2025-11-15,Jeddah,Electronics,208.0
2025-11-16,Jeddah,Electronics,214.0
2025-11-17,Jeddah,Electronics,156.0
2025-11-18,Jeddah,Electronics,124.0
2025-11-19,Jeddah,Electronics,111.0
2025-11-20,Jeddah,Electronics,156.0
2025-11-21,Jeddah,Electronics,135.0
2025-11-22,Jeddah,Electronics,180.0
2025-11-23,Jeddah,Electronics,193.0
2025-11-24,Jeddah,Electronics,109.0
2025-11-25,Jeddah,Electronics,112.0
2025-11-26,Jeddah,Electronics,142.0
2025-11-27,Jeddah,Electronics,105.0
2025-11-28,Jeddah,Electronics,181.0
2025-11-29,Jeddah,Electronics,204.0
2025-11-30,Jeddah,Electronics,209.0
2025-12-01,Jeddah,Electronics,143.0
2025-12-02,Jeddah,Electronics,158.0
2025-12-03,Jeddah,Electronics,135.0
2025-12-04,Jeddah,Electronics,166.0
2025-12-05,Jeddah,Electronics,174.0
2025-12-06,Jeddah,Electronics,246.0
2025-12-07,Jeddah,Electronics,165.0
2025-12-08,Jeddah,Electronics,123.0
2025-12-09,Jeddah,Electronics,137.0
2025-12-10,Jeddah,Electronics,143.0
2025-12-11,Jeddah,Electronics,157.0
2025-12-12,Jeddah,Electronics,160.0
2025-12-13,Jeddah,Electronics,222.0
2025-12-14,Jeddah,Electronics,247.0
2025-12-15,Jeddah,Electronics,127.0
2025-12-16,Jeddah,Electronics,132.0
2025-12-17,Jeddah,Electronics,148.0
2025-12-18,Jeddah,Electronics,148.0
2025-12-19,Jeddah,Electronics,151.0
2025-12-20,Jeddah,Electronics,250.0
2025-12-21,Jeddah,Electronics,218.0
2025-12-22,Jeddah,Electronics,112.0
2025-12-23,Jeddah,Electronics,171.0
2025-12-24,Jeddah,Electronics,143.0
2025-12-25,Jeddah,Electronics,175.0
2025-12-26,Jeddah,Electronics,155.0
2025-12-27,Jeddah,Electronics,263.0
2025-12-28,Jeddah,Electronics,219.0
2025-12-29,Jeddah,Electronics,173.0
2025-12-30,Jeddah,Electronics,159.0
2025-12-31,Jeddah,Electronics,170.0
2023-01-01,Dammam,Grocery,412.0
2023-01-02,Dammam,Grocery,353.0
2023-01-03,Dammam,Grocery,335.0
2023-01-04,Dammam,Grocery,640.0
2023-01-05,Dammam,Grocery,624.0
2023-01-06,Dammam,Grocery,386.0
2023-01-07,Dammam,Grocery,545.0
2023-01-08,Dammam,Grocery,539.0
2023-01-09,Dammam,Grocery,398.0
2023-01-10,Dammam,Grocery,377.0
2023-01-11,Dammam,Grocery,353.0
2023-01-12,Dammam,Grocery,389.0
2023-01-13,Dammam,Grocery,419.0
2023-01-14,Dammam,Grocery,596.0
2023-01-15,Dammam,Grocery,571.0
2023-01-16,Dammam,Grocery,400.0
2023-01-17,Dammam,Grocery,364.0
2023-01-18,Dammam,Grocery,450.0
2023-01-19,Dammam,Grocery,411.0
2023-01-20,Dammam,Grocery,433.0
2023-01-21,Dammam,Grocery,554.0
2023-01-22,Dammam,Grocery,541.0
2023-01-23,Dammam,Grocery,379.0
2023-01-24,Dammam,Grocery,425.0
2023-01-25,Dammam,Grocery,414.0
2023-01-26,Dammam,Grocery,460.0
2023-01-27,Dammam,Grocery,410.0
2023-01-28,Dammam,Grocery,629.0
2023-01-29,Dammam,Grocery,514.0
2023-01-30,Dammam,Grocery,395.0
2023-01-31,Dammam,Grocery,405.0
2023-02-01,Dammam,Grocery,486.0
2023-02-02,Dammam,Grocery,485.0
2023-02-03,Dammam,Grocery,460.0
2023-02-04,Dammam,Grocery,704.0
2023-02-05,Dammam,Grocery,618.0
2023-02-06,Dammam,Grocery,427.0
2023-02-07,Dammam,Grocery,385.0
2023-02-08,Dammam,Grocery,424.0
2023-02-09,Dammam,Grocery,396.0
2023-02-10,Dammam,Grocery,492.0
2023-02-11,Dammam,Grocery,651.0
2023-02-12,Dammam,Grocery,514.0
2023-02-13,Dammam,Grocery,451.0
2023-02-14,Dammam,Grocery,457.0
2023-02-15,Dammam,Grocery,452.0
2023-02-16,Dammam,Grocery,505.0
2023-02-17,Dammam,Grocery,512.0
2023-02-18,Dammam,Grocery,693.0
2023-02-19,Dammam,Grocery,586.0
2023-02-20,Dammam,Grocery,422.0
2023-02-21,Dammam,Grocery,470.0
2023-02-22,Dammam,Grocery,475.0
2023-02-23,Dammam,Grocery,510.0
2023-02-24,Dammam,Grocery,533.0
2023-02-25,Dammam,Grocery,569.0
2023-02-26,Dammam,Grocery,521.0
2023-02-27,Dammam,Grocery,442.0
2023-02-28,Dammam,Grocery,444.0
2023-03-01,Dammam,Grocery,465.0
2023-03-02,Dammam,Grocery,447.0
2023-03-03,Dammam,Grocery,520.0
2023-03-04,Dammam,Grocery,637.0
2023-03-05,Dammam,Grocery,637.0
2023-03-06,Dammam,Grocery,447.0
2023-03-07,Dammam,Grocery,383.0
2023-03-08,Dammam,Grocery,440.0
2023-03-09,Dammam,Grocery,507.0
2023-03-10,Dammam,Grocery,519.0
2023-03-11,Dammam,Grocery,622.0
2023-03-12,Dammam,Grocery,626.0
2023-03-13,Dammam,Grocery,433.0
2023-03-14,Dammam,Grocery,441.0
2023-03-15,Dammam,Grocery,466.0
2023-03-16,Dammam,Grocery,495.0
2023-03-17,Dammam,Grocery,516.0
2023-03-18,Dammam,Grocery,695.0
2023-03-19,Dammam,Grocery,558.0
2023-03-20,Dammam,Grocery,424.0
2023-03-21,Dammam,Grocery,381.0
2023-03-22,Dammam,Grocery,376.0
2023-03-23,Dammam,Grocery,386.0
2023-03-24,Dammam,Grocery,481.0
2023-03-25,Dammam,Grocery,587.0
2023-03-26,Dammam,Grocery,621.0
2023-03-27,Dammam,Grocery,419.0
2023-03-28,Dammam,Grocery,390.0
2023-03-29,Dammam,Grocery,411.0
2023-03-30,Dammam,Grocery,445.0
2023-03-31,Dammam,Grocery,477.0
2023-04-01,Dammam,Grocery,660.0
2023-04-02,Dammam,Grocery,556.0
2023-04-03,Dammam,Grocery,449.0
2023-04-04,Dammam,Grocery,458.0
2023-04-05,Dammam,Grocery,378.0
2023-04-06,Dammam,Grocery,476.0
2023-04-07,Dammam,Grocery,766.0
2023-04-08,Dammam,Grocery,1174.0
2023-04-09,Dammam,Grocery,1078.0
2023-04-10,Dammam,Grocery,856.0
2023-04-11,Dammam,Grocery,580.0
2023-04-12,Dammam,Grocery,633.0
2023-04-13,Dammam,Grocery,751.0
2023-04-14,Dammam,Grocery,820.0
2023-04-15,Dammam,Grocery,1145.0
2023-04-16,Dammam,Grocery,945.0
2023-04-17,Dammam,Grocery,787.0
2023-04-18,Dammam,Grocery,817.0
2023-04-19,Dammam,Grocery,673.0
2023-04-20,Dammam,Grocery,423.0
2023-04-21,Dammam,Grocery,442.0
2023-04-22,Dammam,Grocery,508.0
2023-04-23,Dammam,Grocery,596.0
2023-04-24,Dammam,Grocery,407.0
2023-04-25,Dammam,Grocery,358.0
2023-04-26,Dammam,Grocery,511.0
2023-04-27,Dammam,Grocery,394.0
2023-04-28,Dammam,Grocery,417.0
2023-04-29,Dammam,Grocery,605.0
2023-04-30,Dammam,Grocery,533.0
2023-05-01,Dammam,Grocery,423.0
2023-05-02,Dammam,Grocery,457.0
2023-05-03,Dammam,Grocery,346.0
2023-05-04,Dammam,Grocery,404.0
2023-05-05,Dammam,Grocery,423.0
2023-05-06,Dammam,Grocery,617.0
2023-05-07,Dammam,Grocery,536.0
2023-05-08,Dammam,Grocery,384.0
2023-05-09,Dammam,Grocery,390.0
2023-05-10,Dammam,Grocery,437.0
2023-05-11,Dammam,Grocery,396.0
2023-05-12,Dammam,Grocery,472.0
2023-05-13,Dammam,Grocery,487.0
2023-05-14,Dammam,Grocery,590.0
2023-05-15,Dammam,Grocery,362.0
2023-05-16,Dammam,Grocery,365.0
2023-05-17,Dammam,Grocery,395.0
2023-05-18,Dammam,Grocery,439.0
2023-05-19,Dammam,Grocery,406.0
2023-05-20,Dammam,Grocery,546.0
2023-05-21,Dammam,Grocery,557.0
2023-05-22,Dammam,Grocery,376.0
2023-05-23,Dammam,Grocery,369.0
2023-05-24,Dammam,Grocery,413.0
2023-05-25,Dammam,Grocery,393.0
2023-05-26,Dammam,Grocery,463.0
2023-05-27,Dammam,Grocery,574.0
2023-05-28,Dammam,Grocery,494.0
2023-05-29,Dammam,Grocery,360.0
2023-05-30,Dammam,Grocery,368.0
2023-05-31,Dammam,Grocery,382.0
2023-06-01,Dammam,Grocery,409.0
2023-06-02,Dammam,Grocery,425.0
2023-06-03,Dammam,Grocery,514.0
2023-06-04,Dammam,Grocery,534.0
2023-06-05,Dammam,Grocery,394.0
2023-06-06,Dammam,Grocery,391.0
2023-06-07,Dammam,Grocery,386.0
2023-06-08,Dammam,Grocery,417.0
2023-06-09,Dammam,Grocery,474.0
2023-06-10,Dammam,Grocery,595.0
2023-06-11,Dammam,Grocery,421.0
2023-06-12,Dammam,Grocery,337.0
2023-06-13,Dammam,Grocery,361.0
2023-06-14,Dammam,Grocery,352.0
2023-06-15,Dammam,Grocery,410.0
2023-06-16,Dammam,Grocery,415.0
2023-06-17,Dammam,Grocery,564.0
2023-06-18,Dammam,Grocery,425.0
2023-06-19,Dammam,Grocery,322.0
2023-06-20,Dammam,Grocery,366.0
2023-06-21,Dammam,Grocery,383.0
2023-06-22,Dammam,Grocery,435.0
2023-06-23,Dammam,Grocery,405.0
2023-06-24,Dammam,Grocery,509.0
2023-06-25,Dammam,Grocery,484.0
2023-06-26,Dammam,Grocery,436.0
2023-06-27,Dammam,Grocery,599.0
2023-06-28,Dammam,Grocery,748.0
2023-06-29,Dammam,Grocery,588.0
2023-06-30,Dammam,Grocery,634.0
2023-07-01,Dammam,Grocery,611.0
2023-07-02,Dammam,Grocery,483.0
2023-07-03,Dammam,Grocery,352.0
2023-07-04,Dammam,Grocery,326.0
2023-07-05,Dammam,Grocery,383.0
2023-07-06,Dammam,Grocery,386.0
2023-07-07,Dammam,Grocery,401.0
2023-07-08,Dammam,Grocery,533.0
2023-07-09,Dammam,Grocery,469.0
2023-07-10,Dammam,Grocery,407.0
2023-07-11,Dammam,Grocery,401.0
2023-07-12,Dammam,Grocery,350.0
2023-07-13,Dammam,Grocery,389.0
2023-07-14,Dammam,Grocery,369.0
2023-07-15,Dammam,Grocery,530.0
2023-07-16,Dammam,Grocery,533.0
2023-07-17,Dammam,Grocery,327.0
2023-07-18,Dammam,Grocery,359.0
2023-07-19,Dammam,Grocery,338.0
2023-07-20,Dammam,Grocery,321.0
2023-07-21,Dammam,Grocery,381.0
2023-07-22,Dammam,Grocery,506.0
2023-07-23,Dammam,Grocery,523.0
2023-07-24,Dammam,Grocery,372.0
2023-07-25,Dammam,Grocery,382.0
2023-07-26,Dammam,Grocery,366.0
2023-07-27,Dammam,Grocery,379.0
2023-07-28,Dammam,Grocery,377.0
2023-07-29,Dammam,Grocery,561.0
2023-07-30,Dammam,Grocery,447.0
2023-07-31,Dammam,Grocery,389.0
2023-08-01,Dammam,Grocery,378.0
2023-08-02,Dammam,Grocery,341.0
2023-08-03,Dammam,Grocery,337.0
2023-08-04,Dammam,Grocery,427.0
2023-08-05,Dammam,Grocery,526.0
2023-08-06,Dammam,Grocery,483.0
2023-08-07,Dammam,Grocery,374.0
2023-08-08,Dammam,Grocery,348.0
2023-08-09,Dammam,Grocery,420.0
2023-08-10,Dammam,Grocery,406.0
2023-08-11,Dammam,Grocery,419.0
2023-08-12,Dammam,Grocery,498.0
2023-08-13,Dammam,Grocery,390.0
2023-08-14,Dammam,Grocery,401.0
2023-08-15,Dammam,Grocery,357.0
2023-08-16,Dammam,Grocery,347.0
2023-08-17,Dammam,Grocery,362.0
2023-08-18,Dammam,Grocery,358.0
2023-08-19,Dammam,Grocery,473.0
2023-08-20,Dammam,Grocery,470.0
2023-08-21,Dammam,Grocery,335.0
2023-08-22,Dammam,Grocery,272.0
2023-08-23,Dammam,Grocery,299.0
2023-08-24,Dammam,Grocery,326.0
2023-08-25,Dammam,Grocery,345.0
2023-08-26,Dammam,Grocery,482.0
2023-08-27,Dammam,Grocery,521.0
2023-08-28,Dammam,Grocery,367.0
2023-08-29,Dammam,Grocery,281.0
2023-08-30,Dammam,Grocery,348.0
2023-08-31,Dammam,Grocery,324.0
2023-09-01,Dammam,Grocery,440.0
2023-09-02,Dammam,Grocery,457.0
2023-09-03,Dammam,Grocery,416.0
2023-09-04,Dammam,Grocery,375.0
2023-09-05,Dammam,Grocery,338.0
2023-09-06,Dammam,Grocery,333.0
2023-09-07,Dammam,Grocery,338.0
2023-09-08,Dammam,Grocery,343.0
2023-09-09,Dammam,Grocery,426.0
2023-09-10,Dammam,Grocery,441.0
2023-09-11,Dammam,Grocery,328.0
2023-09-12,Dammam,Grocery,299.0
2023-09-13,Dammam,Grocery,328.0
2023-09-14,Dammam,Grocery,342.0
2023-09-15,Dammam,Grocery,386.0
2023-09-16,Dammam,Grocery,457.0
2023-09-17,Dammam,Grocery,454.0
2023-09-18,Dammam,Grocery,331.0
2023-09-19,Dammam,Grocery,343.0
2023-09-20,Dammam,Grocery,272.0
2023-09-21,Dammam,Grocery,338.0
2023-09-22,Dammam,Grocery,389.0
2023-09-23,Dammam,Grocery,431.0
2023-09-24,Dammam,Grocery,416.0
2023-09-25,Dammam,Grocery,312.0
2023-09-26,Dammam,Grocery,301.0
2023-09-27,Dammam,Grocery,321.0
2023-09-28,Dammam,Grocery,353.0
2023-09-29,Dammam,Grocery,330.0
2023-09-30,Dammam,Grocery,455.0
2023-10-01,Dammam,Grocery,399.0
2023-10-02,Dammam,Grocery,310.0
2023-10-03,Dammam,Grocery,300.0
2023-10-04,Dammam,Grocery,337.0
2023-10-05,Dammam,Grocery,287.0
2023-10-06,Dammam,Grocery,349.0
2023-10-07,Dammam,Grocery,447.0
2023-10-08,Dammam,Grocery,367.0
2023-10-09,Dammam,Grocery,323.0
2023-10-10,Dammam,Grocery,301.0
2023-10-11,Dammam,Grocery,281.0
2023-10-12,Dammam,Grocery,295.0
2023-10-13,Dammam,Grocery,357.0
2023-10-14,Dammam,Grocery,427.0
2023-10-15,Dammam,Grocery,374.0
2023-10-16,Dammam,Grocery,262.0
2023-10-17,Dammam,Grocery,273.0
2023-10-18,Dammam,Grocery,289.0
2023-10-19,Dammam,Grocery,309.0
2023-10-20,Dammam,Grocery,350.0
2023-10-21,Dammam,Grocery,412.0
2023-10-22,Dammam,Grocery,414.0
2023-10-23,Dammam,Grocery,282.0
2023-10-24,Dammam,Grocery,313.0
2023-10-25,Dammam,Grocery,287.0
2023-10-26,Dammam,Grocery,343.0
2023-10-27,Dammam,Grocery,325.0
2023-10-28,Dammam,Grocery,452.0
2023-10-29,Dammam,Grocery,362.0
2023-10-30,Dammam,Grocery,289.0
2023-10-31,Dammam,Grocery,286.0
2023-11-01,Dammam,Grocery,279.0
2023-11-02,Dammam,Grocery,290.0
2023-11-03,Dammam,Grocery,369.0
2023-11-04,Dammam,Grocery,436.0
2023-11-05,Dammam,Grocery,415.0
2023-11-06,Dammam,Grocery,326.0
2023-11-07,Dammam,Grocery,267.0
2023-11-08,Dammam,Grocery,297.0
2023-11-09,Dammam,Grocery,301.0
2023-11-10,Dammam,Grocery,325.0
2023-11-11,Dammam,Grocery,469.0
2023-11-12,Dammam,Grocery,435.0
2023-11-13,Dammam,Grocery,295.0
2023-11-14,Dammam,Grocery,344.0
2023-11-15,Dammam,Grocery,295.0
2023-11-16,Dammam,Grocery,324.0
2023-11-17,Dammam,Grocery,341.0
2023-11-18,Dammam,Grocery,451.0
2023-11-19,Dammam,Grocery,441.0
2023-11-20,Dammam,Grocery,314.0
2023-11-21,Dammam,Grocery,332.0
2023-11-22,Dammam,Grocery,318.0
2023-11-23,Dammam,Grocery,309.0
2023-11-24,Dammam,Grocery,367.0
2023-11-25,Dammam,Grocery,451.0
2023-11-26,Dammam,Grocery,407.0
2023-11-27,Dammam,Grocery,338.0
2023-11-28,Dammam,Grocery,333.0
2023-11-29,Dammam,Grocery,325.0
2023-11-30,Dammam,Grocery,390.0
2023-12-01,Dammam,Grocery,364.0
2023-12-02,Dammam,Grocery,496.0
2023-12-03,Dammam,Grocery,407.0
2023-12-04,Dammam,Grocery,336.0
2023-12-05,Dammam,Grocery,304.0
2023-12-06,Dammam,Grocery,311.0
2023-12-07,Dammam,Grocery,361.0
2023-12-08,Dammam,Grocery,396.0
2023-12-09,Dammam,Grocery,678.0
2023-12-10,Dammam,Grocery,668.0
2023-12-11,Dammam,Grocery,458.0
2023-12-12,Dammam,Grocery,523.0
2023-12-13,Dammam,Grocery,325.0
2023-12-14,Dammam,Grocery,355.0
2023-12-15,Dammam,Grocery,340.0
2023-12-16,Dammam,Grocery,551.0
2023-12-17,Dammam,Grocery,459.0
2023-12-18,Dammam,Grocery,361.0
2023-12-19,Dammam,Grocery,386.0
2023-12-20,Dammam,Grocery,373.0
2023-12-21,Dammam,Grocery,388.0
2023-12-22,Dammam,Grocery,414.0
2023-12-23,Dammam,Grocery,512.0
2023-12-24,Dammam,Grocery,543.0
2023-12-25,Dammam,Grocery,435.0
2023-12-26,Dammam,Grocery,350.0
2023-12-27,Dammam,Grocery,409.0
2023-12-28,Dammam,Grocery,377.0
2023-12-29,Dammam,Grocery,433.0
2023-12-30,Dammam,Grocery,557.0
2023-12-31,Dammam,Grocery,519.0
2024-01-01,Dammam,Grocery,415.0
2024-01-02,Dammam,Grocery,355.0
2024-01-03,Dammam,Grocery,433.0
2024-01-04,Dammam,Grocery,436.0
2024-01-05,Dammam,Grocery,426.0
2024-01-06,Dammam,Grocery,597.0
2024-01-07,Dammam,Grocery,546.0
2024-01-08,Dammam,Grocery,429.0
2024-01-09,Dammam,Grocery,394.0
2024-01-10,Dammam,Grocery,388.0
2024-01-11,Dammam,Grocery,436.0
2024-01-12,Dammam,Grocery,475.0
2024-01-13,Dammam,Grocery,592.0
2024-01-14,Dammam,Grocery,565.0
2024-01-15,Dammam,Grocery,408.0
2024-01-16,Dammam,Grocery,411.0
2024-01-17,Dammam,Grocery,391.0
2024-01-18,Dammam,Grocery,430.0
2024-01-19,Dammam,Grocery,475.0
2024-01-20,Dammam,Grocery,580.0
2024-01-21,Dammam,Grocery,577.0
2024-01-22,Dammam,Grocery,443.0
2024-01-23,Dammam,Grocery,396.0
2024-01-24,Dammam,Grocery,429.0
2024-01-25,Dammam,Grocery,440.0
2024-01-26,Dammam,Grocery,492.0
2024-01-27,Dammam,Grocery,637.0
2024-01-28,Dammam,Grocery,484.0
2024-01-29,Dammam,Grocery,422.0
2024-01-30,Dammam,Grocery,426.0
2024-01-31,Dammam,Grocery,414.0
2024-02-01,Dammam,Grocery,498.0
2024-02-02,Dammam,Grocery,439.0
2024-02-03,Dammam,Grocery,693.0
2024-02-04,Dammam,Grocery,564.0
2024-02-05,Dammam,Grocery,441.0
2024-02-06,Dammam,Grocery,396.0
2024-02-07,Dammam,Grocery,412.0
2024-02-08,Dammam,Grocery,460.0
2024-02-09,Dammam,Grocery,493.0
2024-02-10,Dammam,Grocery,669.0
2024-02-11,Dammam,Grocery,570.0
2024-02-12,Dammam,Grocery,414.0
2024-02-13,Dammam,Grocery,413.0
2024-02-14,Dammam,Grocery,536.0
2024-02-15,Dammam,Grocery,523.0
2024-02-16,Dammam,Grocery,513.0
2024-02-17,Dammam,Grocery,696.0
2024-02-18,Dammam,Grocery,659.0
2024-02-19,Dammam,Grocery,459.0
2024-02-20,Dammam,Grocery,478.0
2024-02-21,Dammam,Grocery,442.0
2024-02-22,Dammam,Grocery,488.0
2024-02-23,Dammam,Grocery,471.0
2024-02-24,Dammam,Grocery,762.0
2024-02-25,Dammam,Grocery,660.0
2024-02-26,Dammam,Grocery,490.0
2024-02-27,Dammam,Grocery,470.0
2024-02-28,Dammam,Grocery,500.0
2024-02-29,Dammam,Grocery,686.0
2024-03-01,Dammam,Grocery,669.0
2024-03-02,Dammam,Grocery,907.0
2024-03-03,Dammam,Grocery,842.0
2024-03-04,Dammam,Grocery,460.0
2024-03-05,Dammam,Grocery,479.0
2024-03-06,Dammam,Grocery,479.0
2024-03-07,Dammam,Grocery,489.0
2024-03-08,Dammam,Grocery,483.0
2024-03-09,Dammam,Grocery,595.0
2024-03-10,Dammam,Grocery,618.0
2024-03-11,Dammam,Grocery,553.0
2024-03-12,Dammam,Grocery,484.0
2024-03-13,Dammam,Grocery,451.0
2024-03-14,Dammam,Grocery,435.0
2024-03-15,Dammam,Grocery,554.0
2024-03-16,Dammam,Grocery,676.0
2024-03-17,Dammam,Grocery,652.0
2024-03-18,Dammam,Grocery,455.0
2024-03-19,Dammam,Grocery,469.0
2024-03-20,Dammam,Grocery,463.0
2024-03-21,Dammam,Grocery,633.0
2024-03-22,Dammam,Grocery,832.0
2024-03-23,Dammam,Grocery,942.0
2024-03-24,Dammam,Grocery,924.0
2024-03-25,Dammam,Grocery,444.0
2024-03-26,Dammam,Grocery,470.0
2024-03-27,Dammam,Grocery,801.0
2024-03-28,Dammam,Grocery,819.0
2024-03-29,Dammam,Grocery,877.0
2024-03-30,Dammam,Grocery,1272.0
2024-03-31,Dammam,Grocery,1197.0
2024-04-01,Dammam,Grocery,788.0
2024-04-02,Dammam,Grocery,794.0
2024-04-03,Dammam,Grocery,761.0
2024-04-04,Dammam,Grocery,865.0
2024-04-05,Dammam,Grocery,894.0
2024-04-06,Dammam,Grocery,1233.0
2024-04-07,Dammam,Grocery,1090.0
2024-04-08,Dammam,Grocery,833.0
2024-04-09,Dammam,Grocery,464.0
2024-04-10,Dammam,Grocery,407.0
2024-04-11,Dammam,Grocery,418.0
2024-04-12,Dammam,Grocery,539.0
2024-04-13,Dammam,Grocery,614.0
2024-04-14,Dammam,Grocery,588.0
2024-04-15,Dammam,Grocery,496.0
2024-04-16,Dammam,Grocery,395.0
2024-04-17,Dammam,Grocery,450.0
2024-04-18,Dammam,Grocery,451.0
2024-04-19,Dammam,Grocery,734.0
2024-04-20,Dammam,Grocery,1033.0
2024-04-21,Dammam,Grocery,815.0
2024-04-22,Dammam,Grocery,438.0
2024-04-23,Dammam,Grocery,401.0
2024-04-24,Dammam,Grocery,430.0
2024-04-25,Dammam,Grocery,423.0
2024-04-26,Dammam,Grocery,501.0
2024-04-27,Dammam,Grocery,634.0
2024-04-28,Dammam,Grocery,626.0
2024-04-29,Dammam,Grocery,451.0
2024-04-30,Dammam,Grocery,434.0
2024-05-01,Dammam,Grocery,400.0
2024-05-02,Dammam,Grocery,564.0
2024-05-03,Dammam,Grocery,649.0
2024-05-04,Dammam,Grocery,788.0
2024-05-05,Dammam,Grocery,538.0
2024-05-06,Dammam,Grocery,459.0
2024-05-07,Dammam,Grocery,432.0
2024-05-08,Dammam,Grocery,410.0
2024-05-09,Dammam,Grocery,447.0
2024-05-10,Dammam,Grocery,435.0
2024-05-11,Dammam,Grocery,554.0
2024-05-12,Dammam,Grocery,572.0
2024-05-13,Dammam,Grocery,411.0
2024-05-14,Dammam,Grocery,433.0
2024-05-15,Dammam,Grocery,416.0
2024-05-16,Dammam,Grocery,445.0
2024-05-17,Dammam,Grocery,474.0
2024-05-18,Dammam,Grocery,599.0
2024-05-19,Dammam,Grocery,503.0
2024-05-20,Dammam,Grocery,443.0
2024-05-21,Dammam,Grocery,348.0
2024-05-22,Dammam,Grocery,390.0
2024-05-23,Dammam,Grocery,415.0
2024-05-24,Dammam,Grocery,436.0
2024-05-25,Dammam,Grocery,619.0
2024-05-26,Dammam,Grocery,537.0
2024-05-27,Dammam,Grocery,332.0
2024-05-28,Dammam,Grocery,416.0
2024-05-29,Dammam,Grocery,394.0
2024-05-30,Dammam,Grocery,388.0
2024-05-31,Dammam,Grocery,522.0
2024-06-01,Dammam,Grocery,613.0
2024-06-02,Dammam,Grocery,527.0
2024-06-03,Dammam,Grocery,352.0
2024-06-04,Dammam,Grocery,369.0
2024-06-05,Dammam,Grocery,402.0
2024-06-06,Dammam,Grocery,414.0
2024-06-07,Dammam,Grocery,409.0
2024-06-08,Dammam,Grocery,917.0
2024-06-09,Dammam,Grocery,932.0
2024-06-10,Dammam,Grocery,681.0
2024-06-11,Dammam,Grocery,345.0
2024-06-12,Dammam,Grocery,436.0
2024-06-13,Dammam,Grocery,383.0
2024-06-14,Dammam,Grocery,444.0
2024-06-15,Dammam,Grocery,582.0
2024-06-16,Dammam,Grocery,543.0
2024-06-17,Dammam,Grocery,350.0
2024-06-18,Dammam,Grocery,398.0
2024-06-19,Dammam,Grocery,380.0
2024-06-20,Dammam,Grocery,385.0
2024-06-21,Dammam,Grocery,485.0
2024-06-22,Dammam,Grocery,584.0
2024-06-23,Dammam,Grocery,534.0
2024-06-24,Dammam,Grocery,400.0
2024-06-25,Dammam,Grocery,384.0
2024-06-26,Dammam,Grocery,378.0
2024-06-27,Dammam,Grocery,393.0
2024-06-28,Dammam,Grocery,433.0
2024-06-29,Dammam,Grocery,562.0
2024-06-30,Dammam,Grocery,531.0
2024-07-01,Dammam,Grocery,382.0
2024-07-02,Dammam,Grocery,444.0
2024-07-03,Dammam,Grocery,419.0
2024-07-04,Dammam,Grocery,406.0
2024-07-05,Dammam,Grocery,429.0
2024-07-06,Dammam,Grocery,535.0
2024-07-07,Dammam,Grocery,495.0
2024-07-08,Dammam,Grocery,378.0
2024-07-09,Dammam,Grocery,353.0
2024-07-10,Dammam,Grocery,359.0
2024-07-11,Dammam,Grocery,386.0
2024-07-12,Dammam,Grocery,433.0
2024-07-13,Dammam,Grocery,608.0
2024-07-14,Dammam,Grocery,582.0
2024-07-15,Dammam,Grocery,391.0
2024-07-16,Dammam,Grocery,319.0
2024-07-17,Dammam,Grocery,410.0
2024-07-18,Dammam,Grocery,378.0
2024-07-19,Dammam,Grocery,411.0
2024-07-20,Dammam,Grocery,564.0
2024-07-21,Dammam,Grocery,505.0
2024-07-22,Dammam,Grocery,384.0
2024-07-23,Dammam,Grocery,363.0
2024-07-24,Dammam,Grocery,383.0
2024-07-25,Dammam,Grocery,390.0
2024-07-26,Dammam,Grocery,390.0
2024-07-27,Dammam,Grocery,556.0
2024-07-28,Dammam,Grocery,531.0
2024-07-29,Dammam,Grocery,393.0
2024-07-30,Dammam,Grocery,362.0
2024-07-31,Dammam,Grocery,407.0
2024-08-01,Dammam,Grocery,392.0
2024-08-02,Dammam,Grocery,371.0
2024-08-03,Dammam,Grocery,553.0
2024-08-04,Dammam,Grocery,466.0
2024-08-05,Dammam,Grocery,404.0
2024-08-06,Dammam,Grocery,352.0
2024-08-07,Dammam,Grocery,402.0
2024-08-08,Dammam,Grocery,395.0
2024-08-09,Dammam,Grocery,436.0
2024-08-10,Dammam,Grocery,540.0
2024-08-11,Dammam,Grocery,487.0
2024-08-12,Dammam,Grocery,446.0
2024-08-13,Dammam,Grocery,370.0
2024-08-14,Dammam,Grocery,341.0
2024-08-15,Dammam,Grocery,412.0
2024-08-16,Dammam,Grocery,421.0
2024-08-17,Dammam,Grocery,479.0
2024-08-18,Dammam,Grocery,520.0
2024-08-19,Dammam,Grocery,371.0
2024-08-20,Dammam,Grocery,392.0
2024-08-21,Dammam,Grocery,337.0
2024-08-22,Dammam,Grocery,399.0
2024-08-23,Dammam,Grocery,379.0
2024-08-24,Dammam,Grocery,467.0
2024-08-25,Dammam,Grocery,478.0
2024-08-26,Dammam,Grocery,354.0
2024-08-27,Dammam,Grocery,376.0
2024-08-28,Dammam,Grocery,364.0
2024-08-29,Dammam,Grocery,348.0
2024-08-30,Dammam,Grocery,366.0
2024-08-31,Dammam,Grocery,581.0
2024-09-01,Dammam,Grocery,487.0
2024-09-02,Dammam,Grocery,373.0
2024-09-03,Dammam,Grocery,326.0
2024-09-04,Dammam,Grocery,350.0
2024-09-05,Dammam,Grocery,381.0
2024-09-06,Dammam,Grocery,416.0
2024-09-07,Dammam,Grocery,555.0
2024-09-08,Dammam,Grocery,507.0
2024-09-09,Dammam,Grocery,400.0
2024-09-10,Dammam,Grocery,362.0
2024-09-11,Dammam,Grocery,336.0
2024-09-12,Dammam,Grocery,324.0
2024-09-13,Dammam,Grocery,402.0
2024-09-14,Dammam,Grocery,515.0
2024-09-15,Dammam,Grocery,500.0
2024-09-16,Dammam,Grocery,384.0
2024-09-17,Dammam,Grocery,364.0
2024-09-18,Dammam,Grocery,318.0
2024-09-19,Dammam,Grocery,336.0
2024-09-20,Dammam,Grocery,419.0
2024-09-21,Dammam,Grocery,418.0
2024-09-22,Dammam,Grocery,425.0
2024-09-23,Dammam,Grocery,321.0
2024-09-24,Dammam,Grocery,346.0
2024-09-25,Dammam,Grocery,282.0
2024-09-26,Dammam,Grocery,336.0
2024-09-27,Dammam,Grocery,381.0
2024-09-28,Dammam,Grocery,494.0
2024-09-29,Dammam,Grocery,458.0
2024-09-30,Dammam,Grocery,345.0
2024-10-01,Dammam,Grocery,319.0
2024-10-02,Dammam,Grocery,323.0
2024-10-03,Dammam,Grocery,332.0
2024-10-04,Dammam,Grocery,386.0
2024-10-05,Dammam,Grocery,482.0
2024-10-06,Dammam,Grocery,393.0
2024-10-07,Dammam,Grocery,288.0
2024-10-08,Dammam,Grocery,267.0
2024-10-09,Dammam,Grocery,276.0
2024-10-10,Dammam,Grocery,348.0
2024-10-11,Dammam,Grocery,340.0
2024-10-12,Dammam,Grocery,523.0
2024-10-13,Dammam,Grocery,415.0
2024-10-14,Dammam,Grocery,332.0
2024-10-15,Dammam,Grocery,294.0
2024-10-16,Dammam,Grocery,280.0
2024-10-17,Dammam,Grocery,328.0
2024-10-18,Dammam,Grocery,387.0
2024-10-19,Dammam,Grocery,449.0
2024-10-20,Dammam,Grocery,433.0
2024-10-21,Dammam,Grocery,276.0
2024-10-22,Dammam,Grocery,301.0
2024-10-23,Dammam,Grocery,341.0
2024-10-24,Dammam,Grocery,362.0
2024-10-25,Dammam,Grocery,313.0
2024-10-26,Dammam,Grocery,476.0
2024-10-27,Dammam,Grocery,402.0
2024-10-28,Dammam,Grocery,308.0
2024-10-29,Dammam,Grocery,295.0
2024-10-30,Dammam,Grocery,292.0
2024-10-31,Dammam,Grocery,294.0
2024-11-01,Dammam,Grocery,342.0
2024-11-02,Dammam,Grocery,512.0
2024-11-03,Dammam,Grocery,427.0
2024-11-04,Dammam,Grocery,542.0
2024-11-05,Dammam,Grocery,502.0
2024-11-06,Dammam,Grocery,508.0
2024-11-07,Dammam,Grocery,549.0
2024-11-08,Dammam,Grocery,339.0
2024-11-09,Dammam,Grocery,416.0
2024-11-10,Dammam,Grocery,405.0
2024-11-11,Dammam,Grocery,285.0
2024-11-12,Dammam,Grocery,277.0
2024-11-13,Dammam,Grocery,333.0
2024-11-14,Dammam,Grocery,324.0
2024-11-15,Dammam,Grocery,365.0
2024-11-16,Dammam,Grocery,458.0
2024-11-17,Dammam,Grocery,440.0
2024-11-18,Dammam,Grocery,341.0
2024-11-19,Dammam,Grocery,323.0
2024-11-20,Dammam,Grocery,305.0
2024-11-21,Dammam,Grocery,329.0
2024-11-22,Dammam,Grocery,401.0
2024-11-23,Dammam,Grocery,464.0
2024-11-24,Dammam,Grocery,368.0
2024-11-25,Dammam,Grocery,348.0
2024-11-26,Dammam,Grocery,295.0
2024-11-27,Dammam,Grocery,343.0
2024-11-28,Dammam,Grocery,334.0
2024-11-29,Dammam,Grocery,402.0
2024-11-30,Dammam,Grocery,467.0
2024-12-01,Dammam,Grocery,503.0
2024-12-02,Dammam,Grocery,381.0
2024-12-03,Dammam,Grocery,325.0
2024-12-04,Dammam,Grocery,332.0
2024-12-05,Dammam,Grocery,350.0
2024-12-06,Dammam,Grocery,387.0
2024-12-07,Dammam,Grocery,496.0
2024-12-08,Dammam,Grocery,476.0
2024-12-09,Dammam,Grocery,358.0
2024-12-10,Dammam,Grocery,385.0
2024-12-11,Dammam,Grocery,340.0
2024-12-12,Dammam,Grocery,350.0
2024-12-13,Dammam,Grocery,392.0
2024-12-14,Dammam,Grocery,517.0
2024-12-15,Dammam,Grocery,480.0
2024-12-16,Dammam,Grocery,298.0
2024-12-17,Dammam,Grocery,348.0
2024-12-18,Dammam,Grocery,384.0
2024-12-19,Dammam,Grocery,420.0
2024-12-20,Dammam,Grocery,378.0
2024-12-21,Dammam,Grocery,518.0
2024-12-22,Dammam,Grocery,495.0
2024-12-23,Dammam,Grocery,402.0
2024-12-24,Dammam,Grocery,376.0
2024-12-25,Dammam,Grocery,404.0
2024-12-26,Dammam,Grocery,423.0
2024-12-27,Dammam,Grocery,411.0
2024-12-28,Dammam,Grocery,613.0
2024-12-29,Dammam,Grocery,534.0
2024-12-30,Dammam,Grocery,453.0
2024-12-31,Dammam,Grocery,417.0
2025-01-01,Dammam,Grocery,401.0
2025-01-02,Dammam,Grocery,484.0
2025-01-03,Dammam,Grocery,422.0
2025-01-04,Dammam,Grocery,589.0
2025-01-05,Dammam,Grocery,560.0
2025-01-06,Dammam,Grocery,393.0
2025-01-07,Dammam,Grocery,433.0
2025-01-08,Dammam,Grocery,765.0
2025-01-09,Dammam,Grocery,793.0
2025-01-10,Dammam,Grocery,451.0
2025-01-11,Dammam,Grocery,625.0
2025-01-12,Dammam,Grocery,615.0
2025-01-13,Dammam,Grocery,450.0
2025-01-14,Dammam,Grocery,431.0
2025-01-15,Dammam,Grocery,407.0
2025-01-16,Dammam,Grocery,440.0
2025-01-17,Dammam,Grocery,477.0
2025-01-18,Dammam,Grocery,629.0
2025-01-19,Dammam,Grocery,606.0
2025-01-20,Dammam,Grocery,487.0
2025-01-21,Dammam,Grocery,431.0
2025-01-22,Dammam,Grocery,422.0
2025-01-23,Dammam,Grocery,503.0
2025-01-24,Dammam,Grocery,525.0
2025-01-25,Dammam,Grocery,597.0
2025-01-26,Dammam,Grocery,546.0
2025-01-27,Dammam,Grocery,442.0
2025-01-28,Dammam,Grocery,461.0
2025-01-29,Dammam,Grocery,495.0
2025-01-30,Dammam,Grocery,480.0
2025-01-31,Dammam,Grocery,456.0
2025-02-01,Dammam,Grocery,824.0
2025-02-02,Dammam,Grocery,691.0
2025-02-03,Dammam,Grocery,648.0
2025-02-04,Dammam,Grocery,480.0
2025-02-05,Dammam,Grocery,467.0
2025-02-06,Dammam,Grocery,473.0
2025-02-07,Dammam,Grocery,537.0
2025-02-08,Dammam,Grocery,642.0
2025-02-09,Dammam,Grocery,637.0
2025-02-10,Dammam,Grocery,537.0
2025-02-11,Dammam,Grocery,495.0
2025-02-12,Dammam,Grocery,440.0
2025-02-13,Dammam,Grocery,459.0
2025-02-14,Dammam,Grocery,480.0
2025-02-15,Dammam,Grocery,698.0
2025-02-16,Dammam,Grocery,666.0
2025-02-17,Dammam,Grocery,449.0
2025-02-18,Dammam,Grocery,469.0
2025-02-19,Dammam,Grocery,544.0
2025-02-20,Dammam,Grocery,509.0
2025-02-21,Dammam,Grocery,480.0
2025-02-22,Dammam,Grocery,734.0
2025-02-23,Dammam,Grocery,626.0
2025-02-24,Dammam,Grocery,517.0
2025-02-25,Dammam,Grocery,466.0
2025-02-26,Dammam,Grocery,686.0
2025-02-27,Dammam,Grocery,733.0
2025-02-28,Dammam,Grocery,702.0
2025-03-01,Dammam,Grocery,664.0
2025-03-02,Dammam,Grocery,596.0
2025-03-03,Dammam,Grocery,488.0
2025-03-04,Dammam,Grocery,483.0
2025-03-05,Dammam,Grocery,495.0
2025-03-06,Dammam,Grocery,505.0
2025-03-07,Dammam,Grocery,583.0
2025-03-08,Dammam,Grocery,641.0
2025-03-09,Dammam,Grocery,689.0
2025-03-10,Dammam,Grocery,480.0
2025-03-11,Dammam,Grocery,517.0
2025-03-12,Dammam,Grocery,468.0
2025-03-13,Dammam,Grocery,565.0
2025-03-14,Dammam,Grocery,547.0
2025-03-15,Dammam,Grocery,739.0
2025-03-16,Dammam,Grocery,1141.0
2025-03-17,Dammam,Grocery,868.0
2025-03-18,Dammam,Grocery,780.0
2025-03-19,Dammam,Grocery,925.0
2025-03-20,Dammam,Grocery,1028.0
2025-03-21,Dammam,Grocery,1039.0
2025-03-22,Dammam,Grocery,1209.0
2025-03-23,Dammam,Grocery,1290.0
2025-03-24,Dammam,Grocery,917.0
2025-03-25,Dammam,Grocery,738.0
2025-03-26,Dammam,Grocery,862.0
2025-03-27,Dammam,Grocery,861.0
2025-03-28,Dammam,Grocery,1084.0
2025-03-29,Dammam,Grocery,581.0
2025-03-30,Dammam,Grocery,637.0
2025-03-31,Dammam,Grocery,460.0
2025-04-01,Dammam,Grocery,528.0
2025-04-02,Dammam,Grocery,463.0
2025-04-03,Dammam,Grocery,517.0
2025-04-04,Dammam,Grocery,544.0
2025-04-05,Dammam,Grocery,726.0
2025-04-06,Dammam,Grocery,595.0
2025-04-07,Dammam,Grocery,495.0
2025-04-08,Dammam,Grocery,419.0
2025-04-09,Dammam,Grocery,511.0
2025-04-10,Dammam,Grocery,460.0
2025-04-11,Dammam,Grocery,526.0
2025-04-12,Dammam,Grocery,622.0
2025-04-13,Dammam,Grocery,696.0
2025-04-14,Dammam,Grocery,463.0
2025-04-15,Dammam,Grocery,473.0
2025-04-16,Dammam,Grocery,446.0
2025-04-17,Dammam,Grocery,429.0
2025-04-18,Dammam,Grocery,535.0
2025-04-19,Dammam,Grocery,727.0
2025-04-20,Dammam,Grocery,649.0
2025-04-21,Dammam,Grocery,423.0
2025-04-22,Dammam,Grocery,387.0
2025-04-23,Dammam,Grocery,427.0
2025-04-24,Dammam,Grocery,512.0
2025-04-25,Dammam,Grocery,520.0
2025-04-26,Dammam,Grocery,679.0
2025-04-27,Dammam,Grocery,594.0
2025-04-28,Dammam,Grocery,461.0
2025-04-29,Dammam,Grocery,451.0
2025-04-30,Dammam,Grocery,508.0
2025-05-01,Dammam,Grocery,420.0
2025-05-02,Dammam,Grocery,511.0
2025-05-03,Dammam,Grocery,731.0
2025-05-04,Dammam,Grocery,585.0
2025-05-05,Dammam,Grocery,397.0
2025-05-06,Dammam,Grocery,477.0
2025-05-07,Dammam,Grocery,359.0
2025-05-08,Dammam,Grocery,416.0
2025-05-09,Dammam,Grocery,450.0
2025-05-10,Dammam,Grocery,674.0
2025-05-11,Dammam,Grocery,571.0
2025-05-12,Dammam,Grocery,492.0
2025-05-13,Dammam,Grocery,437.0
2025-05-14,Dammam,Grocery,456.0
2025-05-15,Dammam,Grocery,459.0
2025-05-16,Dammam,Grocery,518.0
2025-05-17,Dammam,Grocery,614.0
2025-05-18,Dammam,Grocery,615.0
2025-05-19,Dammam,Grocery,497.0
2025-05-20,Dammam,Grocery,403.0
2025-05-21,Dammam,Grocery,419.0
2025-05-22,Dammam,Grocery,429.0
2025-05-23,Dammam,Grocery,474.0
2025-05-24,Dammam,Grocery,613.0
2025-05-25,Dammam,Grocery,603.0
2025-05-26,Dammam,Grocery,469.0
2025-05-27,Dammam,Grocery,462.0
2025-05-28,Dammam,Grocery,458.0
2025-05-29,Dammam,Grocery,395.0
2025-05-30,Dammam,Grocery,476.0
2025-05-31,Dammam,Grocery,602.0
2025-06-01,Dammam,Grocery,590.0
2025-06-02,Dammam,Grocery,426.0
2025-06-03,Dammam,Grocery,398.0
2025-06-04,Dammam,Grocery,416.0
2025-06-05,Dammam,Grocery,428.0
2025-06-06,Dammam,Grocery,451.0
2025-06-07,Dammam,Grocery,593.0
2025-06-08,Dammam,Grocery,607.0
2025-06-09,Dammam,Grocery,445.0
2025-06-10,Dammam,Grocery,392.0
2025-06-11,Dammam,Grocery,409.0
2025-06-12,Dammam,Grocery,408.0
2025-06-13,Dammam,Grocery,481.0
2025-06-14,Dammam,Grocery,577.0
2025-06-15,Dammam,Grocery,541.0
2025-06-16,Dammam,Grocery,434.0
2025-06-17,Dammam,Grocery,449.0
2025-06-18,Dammam,Grocery,387.0
2025-06-19,Dammam,Grocery,477.0
2025-06-20,Dammam,Grocery,465.0
2025-06-21,Dammam,Grocery,577.0
2025-06-22,Dammam,Grocery,545.0
2025-06-23,Dammam,Grocery,397.0
2025-06-24,Dammam,Grocery,396.0
2025-06-25,Dammam,Grocery,406.0
2025-06-26,Dammam,Grocery,442.0
2025-06-27,Dammam,Grocery,458.0
2025-06-28,Dammam,Grocery,575.0
2025-06-29,Dammam,Grocery,568.0
2025-06-30,Dammam,Grocery,447.0
2025-07-01,Dammam,Grocery,392.0
2025-07-02,Dammam,Grocery,404.0
2025-07-03,Dammam,Grocery,469.0
2025-07-04,Dammam,Grocery,399.0
2025-07-05,Dammam,Grocery,513.0
2025-07-06,Dammam,Grocery,472.0
2025-07-07,Dammam,Grocery,416.0
2025-07-08,Dammam,Grocery,732.0
2025-07-09,Dammam,Grocery,670.0
2025-07-10,Dammam,Grocery,432.0
2025-07-11,Dammam,Grocery,451.0
2025-07-12,Dammam,Grocery,569.0
2025-07-13,Dammam,Grocery,534.0
2025-07-14,Dammam,Grocery,433.0
2025-07-15,Dammam,Grocery,439.0
2025-07-16,Dammam,Grocery,399.0
2025-07-17,Dammam,Grocery,394.0
2025-07-18,Dammam,Grocery,449.0
2025-07-19,Dammam,Grocery,557.0
2025-07-20,Dammam,Grocery,527.0
2025-07-21,Dammam,Grocery,416.0
2025-07-22,Dammam,Grocery,375.0
2025-07-23,Dammam,Grocery,418.0
2025-07-24,Dammam,Grocery,422.0
2025-07-25,Dammam,Grocery,428.0
2025-07-26,Dammam,Grocery,528.0
2025-07-27,Dammam,Grocery,560.0
2025-07-28,Dammam,Grocery,443.0
2025-07-29,Dammam,Grocery,438.0
2025-07-30,Dammam,Grocery,450.0
2025-07-31,Dammam,Grocery,439.0
2025-08-01,Dammam,Grocery,464.0
2025-08-02,Dammam,Grocery,550.0
2025-08-03,Dammam,Grocery,535.0
2025-08-04,Dammam,Grocery,444.0
2025-08-05,Dammam,Grocery,373.0
2025-08-06,Dammam,Grocery,378.0
2025-08-07,Dammam,Grocery,422.0
2025-08-08,Dammam,Grocery,475.0
2025-08-09,Dammam,Grocery,574.0
2025-08-10,Dammam,Grocery,569.0
2025-08-11,Dammam,Grocery,418.0
2025-08-12,Dammam,Grocery,391.0
2025-08-13,Dammam,Grocery,410.0
2025-08-14,Dammam,Grocery,435.0
2025-08-15,Dammam,Grocery,465.0
2025-08-16,Dammam,Grocery,546.0
2025-08-17,Dammam,Grocery,552.0
2025-08-18,Dammam,Grocery,357.0
2025-08-19,Dammam,Grocery,389.0
2025-08-20,Dammam,Grocery,424.0
2025-08-21,Dammam,Grocery,346.0
2025-08-22,Dammam,Grocery,434.0
2025-08-23,Dammam,Grocery,509.0
2025-08-24,Dammam,Grocery,496.0
2025-08-25,Dammam,Grocery,373.0
2025-08-26,Dammam,Grocery,404.0
2025-08-27,Dammam,Grocery,409.0
2025-08-28,Dammam,Grocery,450.0
2025-08-29,Dammam,Grocery,488.0
2025-08-30,Dammam,Grocery,589.0
2025-08-31,Dammam,Grocery,497.0
2025-09-01,Dammam,Grocery,373.0
2025-09-02,Dammam,Grocery,354.0
2025-09-03,Dammam,Grocery,356.0
2025-09-04,Dammam,Grocery,383.0
2025-09-05,Dammam,Grocery,407.0
2025-09-06,Dammam,Grocery,555.0
2025-09-07,Dammam,Grocery,512.0
2025-09-08,Dammam,Grocery,362.0
2025-09-09,Dammam,Grocery,378.0
2025-09-10,Dammam,Grocery,346.0
2025-09-11,Dammam,Grocery,335.0
2025-09-12,Dammam,Grocery,424.0
2025-09-13,Dammam,Grocery,553.0
2025-09-14,Dammam,Grocery,498.0
2025-09-15,Dammam,Grocery,419.0
2025-09-16,Dammam,Grocery,314.0
2025-09-17,Dammam,Grocery,369.0
2025-09-18,Dammam,Grocery,390.0
2025-09-19,Dammam,Grocery,445.0
2025-09-20,Dammam,Grocery,495.0
2025-09-21,Dammam,Grocery,421.0
2025-09-22,Dammam,Grocery,365.0
2025-09-23,Dammam,Grocery,307.0
2025-09-24,Dammam,Grocery,341.0
2025-09-25,Dammam,Grocery,446.0
2025-09-26,Dammam,Grocery,372.0
2025-09-27,Dammam,Grocery,556.0
2025-09-28,Dammam,Grocery,456.0
2025-09-29,Dammam,Grocery,363.0
2025-09-30,Dammam,Grocery,318.0
2025-10-01,Dammam,Grocery,379.0
2025-10-02,Dammam,Grocery,327.0
2025-10-03,Dammam,Grocery,385.0
2025-10-04,Dammam,Grocery,456.0
2025-10-05,Dammam,Grocery,483.0
2025-10-06,Dammam,Grocery,485.0
2025-10-07,Dammam,Grocery,456.0
2025-10-08,Dammam,Grocery,486.0
2025-10-09,Dammam,Grocery,530.0
2025-10-10,Dammam,Grocery,388.0
2025-10-11,Dammam,Grocery,478.0
2025-10-12,Dammam,Grocery,428.0
2025-10-13,Dammam,Grocery,326.0
2025-10-14,Dammam,Grocery,300.0
2025-10-15,Dammam,Grocery,328.0
2025-10-16,Dammam,Grocery,368.0
2025-10-17,Dammam,Grocery,359.0
2025-10-18,Dammam,Grocery,479.0
2025-10-19,Dammam,Grocery,457.0
2025-10-20,Dammam,Grocery,406.0
2025-10-21,Dammam,Grocery,305.0
2025-10-22,Dammam,Grocery,290.0
2025-10-23,Dammam,Grocery,357.0
2025-10-24,Dammam,Grocery,362.0
2025-10-25,Dammam,Grocery,436.0
2025-10-26,Dammam,Grocery,448.0
2025-10-27,Dammam,Grocery,326.0
2025-10-28,Dammam,Grocery,304.0
2025-10-29,Dammam,Grocery,313.0
2025-10-30,Dammam,Grocery,367.0
2025-10-31,Dammam,Grocery,404.0
2025-11-01,Dammam,Grocery,469.0
2025-11-02,Dammam,Grocery,446.0
2025-11-03,Dammam,Grocery,371.0
2025-11-04,Dammam,Grocery,359.0
2025-11-05,Dammam,Grocery,300.0
2025-11-06,Dammam,Grocery,351.0
2025-11-07,Dammam,Grocery,342.0
2025-11-08,Dammam,Grocery,462.0
2025-11-09,Dammam,Grocery,403.0
2025-11-10,Dammam,Grocery,323.0
2025-11-11,Dammam,Grocery,344.0
2025-11-12,Dammam,Grocery,306.0
2025-11-13,Dammam,Grocery,360.0
2025-11-14,Dammam,Grocery,411.0
2025-11-15,Dammam,Grocery,459.0
2025-11-16,Dammam,Grocery,433.0
2025-11-17,Dammam,Grocery,350.0
2025-11-18,Dammam,Grocery,339.0
2025-11-19,Dammam,Grocery,311.0
2025-11-20,Dammam,Grocery,358.0
2025-11-21,Dammam,Grocery,398.0
2025-11-22,Dammam,Grocery,493.0
2025-11-23,Dammam,Grocery,518.0
2025-11-24,Dammam,Grocery,377.0
2025-11-25,Dammam,Grocery,366.0
2025-11-26,Dammam,Grocery,363.0
2025-11-27,Dammam,Grocery,327.0
2025-11-28,Dammam,Grocery,448.0
2025-11-29,Dammam,Grocery,431.0
2025-11-30,Dammam,Grocery,544.0
2025-12-01,Dammam,Grocery,370.0
2025-12-02,Dammam,Grocery,362.0
2025-12-03,Dammam,Grocery,386.0
2025-12-04,Dammam,Grocery,365.0
2025-12-05,Dammam,Grocery,427.0
2025-12-06,Dammam,Grocery,591.0
2025-12-07,Dammam,Grocery,500.0
2025-12-08,Dammam,Grocery,366.0
2025-12-09,Dammam,Grocery,339.0
2025-12-10,Dammam,Grocery,376.0
2025-12-11,Dammam,Grocery,418.0
2025-12-12,Dammam,Grocery,454.0
2025-12-13,Dammam,Grocery,504.0
2025-12-14,Dammam,Grocery,513.0
2025-12-15,Dammam,Grocery,334.0
2025-12-16,Dammam,Grocery,382.0
2025-12-17,Dammam,Grocery,416.0
2025-12-18,Dammam,Grocery,365.0
2025-12-19,Dammam,Grocery,456.0
2025-12-20,Dammam,Grocery,569.0
2025-12-21,Dammam,Grocery,448.0
2025-12-22,Dammam,Grocery,398.0
2025-12-23,Dammam,Grocery,429.0
2025-12-24,Dammam,Grocery,373.0
2025-12-25,Dammam,Grocery,466.0
2025-12-26,Dammam,Grocery,438.0
2025-12-27,Dammam,Grocery,605.0
2025-12-28,Dammam,Grocery,525.0
2025-12-29,Dammam,Grocery,424.0
2025-12-30,Dammam,Grocery,400.0
2025-12-31,Dammam,Grocery,443.0
2023-01-01,Dammam,Electronics,155.0
2023-01-02,Dammam,Electronics,97.0
2023-01-03,Dammam,Electronics,83.0
2023-01-04,Dammam,Electronics,94.0
2023-01-05,Dammam,Electronics,86.0
2023-01-06,Dammam,Electronics,99.0
2023-01-07,Dammam,Electronics,188.0
2023-01-08,Dammam,Electronics,150.0
2023-01-09,Dammam,Electronics,122.0
2023-01-10,Dammam,Electronics,130.0
2023-01-11,Dammam,Electronics,90.0
2023-01-12,Dammam,Electronics,61.0
2023-01-13,Dammam,Electronics,111.0
2023-01-14,Dammam,Electronics,174.0
2023-01-15,Dammam,Electronics,135.0
2023-01-16,Dammam,Electronics,94.0
2023-01-17,Dammam,Electronics,121.0
2023-01-18,Dammam,Electronics,111.0
2023-01-19,Dammam,Electronics,109.0
2023-01-20,Dammam,Electronics,117.0
2023-01-21,Dammam,Electronics,161.0
2023-01-22,Dammam,Electronics,147.0
2023-01-23,Dammam,Electronics,78.0
2023-01-24,Dammam,Electronics,101.0
2023-01-25,Dammam,Electronics,105.0
2023-01-26,Dammam,Electronics,105.0
2023-01-27,Dammam,Electronics,107.0
2023-01-28,Dammam,Electronics,171.0
2023-01-29,Dammam,Electronics,153.0
2023-01-30,Dammam,Electronics,91.0
2023-01-31,Dammam,Electronics,100.0
2023-02-01,Dammam,Electronics,93.0
2023-02-02,Dammam,Electronics,113.0
2023-02-03,Dammam,Electronics,122.0
2023-02-04,Dammam,Electronics,161.0
2023-02-05,Dammam,Electronics,167.0
2023-02-06,Dammam,Electronics,104.0
2023-02-07,Dammam,Electronics,105.0
2023-02-08,Dammam,Electronics,99.0
2023-02-09,Dammam,Electronics,104.0
2023-02-10,Dammam,Electronics,118.0
2023-02-11,Dammam,Electronics,208.0
2023-02-12,Dammam,Electronics,121.0
2023-02-13,Dammam,Electronics,83.0
2023-02-14,Dammam,Electronics,113.0
2023-02-15,Dammam,Electronics,95.0
2023-02-16,Dammam,Electronics,143.0
2023-02-17,Dammam,Electronics,132.0
2023-02-18,Dammam,Electronics,187.0
2023-02-19,Dammam,Electronics,148.0
2023-02-20,Dammam,Electronics,108.0
2023-02-21,Dammam,Electronics,126.0
2023-02-22,Dammam,Electronics,100.0
2023-02-23,Dammam,Electronics,86.0
2023-02-24,Dammam,Electronics,129.0
2023-02-25,Dammam,Electronics,151.0
2023-02-26,Dammam,Electronics,162.0
2023-02-27,Dammam,Electronics,94.0
2023-02-28,Dammam,Electronics,118.0
2023-03-01,Dammam,Electronics,79.0
2023-03-02,Dammam,Electronics,101.0
2023-03-03,Dammam,Electronics,117.0
2023-03-04,Dammam,Electronics,184.0
2023-03-05,Dammam,Electronics,189.0
2023-03-06,Dammam,Electronics,84.0
2023-03-07,Dammam,Electronics,100.0
2023-03-08,Dammam,Electronics,111.0
2023-03-09,Dammam,Electronics,162.0
2023-03-10,Dammam,Electronics,137.0
2023-03-11,Dammam,Electronics,152.0
2023-03-12,Dammam,Electronics,166.0
2023-03-13,Dammam,Electronics,113.0
2023-03-14,Dammam,Electronics,75.0
2023-03-15,Dammam,Electronics,100.0
2023-03-16,Dammam,Electronics,108.0
2023-03-17,Dammam,Electronics,109.0
2023-03-18,Dammam,Electronics,187.0
2023-03-19,Dammam,Electronics,154.0
2023-03-20,Dammam,Electronics,112.0
2023-03-21,Dammam,Electronics,89.0
2023-03-22,Dammam,Electronics,109.0
2023-03-23,Dammam,Electronics,97.0
2023-03-24,Dammam,Electronics,132.0
2023-03-25,Dammam,Electronics,213.0
2023-03-26,Dammam,Electronics,152.0
2023-03-27,Dammam,Electronics,107.0
2023-03-28,Dammam,Electronics,115.0
2023-03-29,Dammam,Electronics,53.0
2023-03-30,Dammam,Electronics,66.0
2023-03-31,Dammam,Electronics,117.0
2023-04-01,Dammam,Electronics,171.0
2023-04-02,Dammam,Electronics,143.0
2023-04-03,Dammam,Electronics,107.0
2023-04-04,Dammam,Electronics,109.0
2023-04-05,Dammam,Electronics,107.0
2023-04-06,Dammam,Electronics,133.0
2023-04-07,Dammam,Electronics,179.0
2023-04-08,Dammam,Electronics,269.0
2023-04-09,Dammam,Electronics,255.0
2023-04-10,Dammam,Electronics,115.0
2023-04-11,Dammam,Electronics,127.0
2023-04-12,Dammam,Electronics,147.0
2023-04-13,Dammam,Electronics,180.0
2023-04-14,Dammam,Electronics,145.0
2023-04-15,Dammam,Electronics,170.0
2023-04-16,Dammam,Electronics,181.0
2023-04-17,Dammam,Electronics,145.0
2023-04-18,Dammam,Electronics,139.0
2023-04-19,Dammam,Electronics,162.0
2023-04-20,Dammam,Electronics,111.0
2023-04-21,Dammam,Electronics,99.0
2023-04-22,Dammam,Electronics,195.0
2023-04-23,Dammam,Electronics,177.0
2023-04-24,Dammam,Electronics,110.0
2023-04-25,Dammam,Electronics,84.0
2023-04-26,Dammam,Electronics,123.0
2023-04-27,Dammam,Electronics,118.0
2023-04-28,Dammam,Electronics,137.0
2023-04-29,Dammam,Electronics,156.0
2023-04-30,Dammam,Electronics,189.0
2023-05-01,Dammam,Electronics,90.0
2023-05-02,Dammam,Electronics,98.0
2023-05-03,Dammam,Electronics,89.0
2023-05-04,Dammam,Electronics,99.0
2023-05-05,Dammam,Electronics,125.0
2023-05-06,Dammam,Electronics,137.0
2023-05-07,Dammam,Electronics,193.0
2023-05-08,Dammam,Electronics,99.0
2023-05-09,Dammam,Electronics,100.0
2023-05-10,Dammam,Electronics,102.0
2023-05-11,Dammam,Electronics,70.0
2023-05-12,Dammam,Electronics,135.0
2023-05-13,Dammam,Electronics,111.0
2023-05-14,Dammam,Electronics,164.0
2023-05-15,Dammam,Electronics,117.0
2023-05-16,Dammam,Electronics,73.0
2023-05-17,Dammam,Electronics,93.0
2023-05-18,Dammam,Electronics,106.0
2023-05-19,Dammam,Electronics,94.0
2023-05-20,Dammam,Electronics,118.0
2023-05-21,Dammam,Electronics,203.0
2023-05-22,Dammam,Electronics,101.0
2023-05-23,Dammam,Electronics,145.0
2023-05-24,Dammam,Electronics,131.0
2023-05-25,Dammam,Electronics,105.0
2023-05-26,Dammam,Electronics,111.0
2023-05-27,Dammam,Electronics,127.0
2023-05-28,Dammam,Electronics,113.0
2023-05-29,Dammam,Electronics,98.0
2023-05-30,Dammam,Electronics,87.0
2023-05-31,Dammam,Electronics,78.0
2023-06-01,Dammam,Electronics,84.0
2023-06-02,Dammam,Electronics,108.0
2023-06-03,Dammam,Electronics,160.0
2023-06-04,Dammam,Electronics,129.0
2023-06-05,Dammam,Electronics,104.0
2023-06-06,Dammam,Electronics,77.0
2023-06-07,Dammam,Electronics,83.0
2023-06-08,Dammam,Electronics,100.0
2023-06-09,Dammam,Electronics,98.0
2023-06-10,Dammam,Electronics,139.0
2023-06-11,Dammam,Electronics,181.0
2023-06-12,Dammam,Electronics,109.0
2023-06-13,Dammam,Electronics,81.0
2023-06-14,Dammam,Electronics,99.0
2023-06-15,Dammam,Electronics,69.0
2023-06-16,Dammam,Electronics,115.0
2023-06-17,Dammam,Electronics,181.0
2023-06-18,Dammam,Electronics,140.0
2023-06-19,Dammam,Electronics,96.0
2023-06-20,Dammam,Electronics,128.0
2023-06-21,Dammam,Electronics,110.0
2023-06-22,Dammam,Electronics,71.0
2023-06-23,Dammam,Electronics,100.0
2023-06-24,Dammam,Electronics,152.0
2023-06-25,Dammam,Electronics,142.0
2023-06-26,Dammam,Electronics,90.0
2023-06-27,Dammam,Electronics,76.0
2023-06-28,Dammam,Electronics,73.0
2023-06-29,Dammam,Electronics,79.0
2023-06-30,Dammam,Electronics,85.0
2023-07-01,Dammam,Electronics,143.0
2023-07-02,Dammam,Electronics,165.0
2023-07-03,Dammam,Electronics,105.0
2023-07-04,Dammam,Electronics,84.0
2023-07-05,Dammam,Electronics,110.0
2023-07-06,Dammam,Electronics,89.0
2023-07-07,Dammam,Electronics,104.0
2023-07-08,Dammam,Electronics,148.0
2023-07-09,Dammam,Electronics,158.0
2023-07-10,Dammam,Electronics,106.0
2023-07-11,Dammam,Electronics,92.0
2023-07-12,Dammam,Electronics,76.0
2023-07-13,Dammam,Electronics,98.0
2023-07-14,Dammam,Electronics,132.0
2023-07-15,Dammam,Electronics,139.0
2023-07-16,Dammam,Electronics,138.0
2023-07-17,Dammam,Electronics,83.0
2023-07-18,Dammam,Electronics,88.0
2023-07-19,Dammam,Electronics,99.0
2023-07-20,Dammam,Electronics,105.0
2023-07-21,Dammam,Electronics,86.0
2023-07-22,Dammam,Electronics,140.0
2023-07-23,Dammam,Electronics,100.0
2023-07-24,Dammam,Electronics,90.0
2023-07-25,Dammam,Electronics,87.0
2023-07-26,Dammam,Electronics,75.0
2023-07-27,Dammam,Electronics,80.0
2023-07-28,Dammam,Electronics,87.0
2023-07-29,Dammam,Electronics,152.0
2023-07-30,Dammam,Electronics,146.0
2023-07-31,Dammam,Electronics,76.0
2023-08-01,Dammam,Electronics,95.0
2023-08-02,Dammam,Electronics,70.0
2023-08-03,Dammam,Electronics,93.0
2023-08-04,Dammam,Electronics,86.0
2023-08-05,Dammam,Electronics,149.0
2023-08-06,Dammam,Electronics,143.0
2023-08-07,Dammam,Electronics,73.0
2023-08-08,Dammam,Electronics,82.0
2023-08-09,Dammam,Electronics,98.0
2023-08-10,Dammam,Electronics,84.0
2023-08-11,Dammam,Electronics,80.0
2023-08-12,Dammam,Electronics,170.0
2023-08-13,Dammam,Electronics,166.0
2023-08-14,Dammam,Electronics,74.0
2023-08-15,Dammam,Electronics,83.0
2023-08-16,Dammam,Electronics,77.0
2023-08-17,Dammam,Electronics,100.0
2023-08-18,Dammam,Electronics,94.0
2023-08-19,Dammam,Electronics,135.0
2023-08-20,Dammam,Electronics,126.0
2023-08-21,Dammam,Electronics,93.0
2023-08-22,Dammam,Electronics,105.0
2023-08-23,Dammam,Electronics,69.0
2023-08-24,Dammam,Electronics,80.0
2023-08-25,Dammam,Electronics,101.0
2023-08-26,Dammam,Electronics,154.0
2023-08-27,Dammam,Electronics,143.0
2023-08-28,Dammam,Electronics,81.0
2023-08-29,Dammam,Electronics,75.0
2023-08-30,Dammam,Electronics,63.0
2023-08-31,Dammam,Electronics,83.0
2023-09-01,Dammam,Electronics,106.0
2023-09-02,Dammam,Electronics,124.0
2023-09-03,Dammam,Electronics,144.0
2023-09-04,Dammam,Electronics,92.0
2023-09-05,Dammam,Electronics,64.0
2023-09-06,Dammam,Electronics,91.0
2023-09-07,Dammam,Electronics,95.0
2023-09-08,Dammam,Electronics,121.0
2023-09-09,Dammam,Electronics,139.0
2023-09-10,Dammam,Electronics,135.0
2023-09-11,Dammam,Electronics,103.0
2023-09-12,Dammam,Electronics,81.0
2023-09-13,Dammam,Electronics,96.0
2023-09-14,Dammam,Electronics,79.0
2023-09-15,Dammam,Electronics,76.0
2023-09-16,Dammam,Electronics,118.0
2023-09-17,Dammam,Electronics,144.0
2023-09-18,Dammam,Electronics,66.0
2023-09-19,Dammam,Electronics,78.0
2023-09-20,Dammam,Electronics,88.0
2023-09-21,Dammam,Electronics,68.0
2023-09-22,Dammam,Electronics,90.0
2023-09-23,Dammam,Electronics,126.0
2023-09-24,Dammam,Electronics,118.0
2023-09-25,Dammam,Electronics,62.0
2023-09-26,Dammam,Electronics,101.0
2023-09-27,Dammam,Electronics,83.0
2023-09-28,Dammam,Electronics,86.0
2023-09-29,Dammam,Electronics,101.0
2023-09-30,Dammam,Electronics,122.0
2023-10-01,Dammam,Electronics,139.0
2023-10-02,Dammam,Electronics,80.0
2023-10-03,Dammam,Electronics,87.0
2023-10-04,Dammam,Electronics,106.0
2023-10-05,Dammam,Electronics,97.0
2023-10-06,Dammam,Electronics,79.0
2023-10-07,Dammam,Electronics,125.0
2023-10-08,Dammam,Electronics,116.0
2023-10-09,Dammam,Electronics,72.0
2023-10-10,Dammam,Electronics,83.0
2023-10-11,Dammam,Electronics,64.0
2023-10-12,Dammam,Electronics,83.0
2023-10-13,Dammam,Electronics,115.0
2023-10-14,Dammam,Electronics,140.0
2023-10-15,Dammam,Electronics,142.0
2023-10-16,Dammam,Electronics,65.0
2023-10-17,Dammam,Electronics,67.0
2023-10-18,Dammam,Electronics,61.0
2023-10-19,Dammam,Electronics,74.0
2023-10-20,Dammam,Electronics,83.0
2023-10-21,Dammam,Electronics,103.0
2023-10-22,Dammam,Electronics,119.0
2023-10-23,Dammam,Electronics,77.0
2023-10-24,Dammam,Electronics,76.0
2023-10-25,Dammam,Electronics,85.0
2023-10-26,Dammam,Electronics,77.0
2023-10-27,Dammam,Electronics,72.0
2023-10-28,Dammam,Electronics,102.0
2023-10-29,Dammam,Electronics,121.0
2023-10-30,Dammam,Electronics,53.0
2023-10-31,Dammam,Electronics,81.0
2023-11-01,Dammam,Electronics,93.0
2023-11-02,Dammam,Electronics,91.0
2023-11-03,Dammam,Electronics,78.0
2023-11-04,Dammam,Electronics,151.0
2023-11-05,Dammam,Electronics,92.0
2023-11-06,Dammam,Electronics,53.0
2023-11-07,Dammam,Electronics,58.0
2023-11-08,Dammam,Electronics,83.0
2023-11-09,Dammam,Electronics,79.0
2023-11-10,Dammam,Electronics,87.0
2023-11-11,Dammam,Electronics,131.0
2023-11-12,Dammam,Electronics,95.0
2023-11-13,Dammam,Electronics,79.0
2023-11-14,Dammam,Electronics,86.0
2023-11-15,Dammam,Electronics,54.0
2023-11-16,Dammam,Electronics,106.0
2023-11-17,Dammam,Electronics,92.0
2023-11-18,Dammam,Electronics,119.0
2023-11-19,Dammam,Electronics,115.0
2023-11-20,Dammam,Electronics,68.0
2023-11-21,Dammam,Electronics,81.0
2023-11-22,Dammam,Electronics,93.0
2023-11-23,Dammam,Electronics,86.0
2023-11-24,Dammam,Electronics,103.0
2023-11-25,Dammam,Electronics,126.0
2023-11-26,Dammam,Electronics,129.0
2023-11-27,Dammam,Electronics,78.0
2023-11-28,Dammam,Electronics,72.0
2023-11-29,Dammam,Electronics,68.0
2023-11-30,Dammam,Electronics,70.0
2023-12-01,Dammam,Electronics,98.0
2023-12-02,Dammam,Electronics,113.0
2023-12-03,Dammam,Electronics,150.0
2023-12-04,Dammam,Electronics,108.0
2023-12-05,Dammam,Electronics,95.0
2023-12-06,Dammam,Electronics,70.0
2023-12-07,Dammam,Electronics,76.0
2023-12-08,Dammam,Electronics,81.0
2023-12-09,Dammam,Electronics,138.0
2023-12-10,Dammam,Electronics,145.0
2023-12-11,Dammam,Electronics,91.0
2023-12-12,Dammam,Electronics,86.0
2023-12-13,Dammam,Electronics,84.0
2023-12-14,Dammam,Electronics,82.0
2023-12-15,Dammam,Electronics,132.0
2023-12-16,Dammam,Electronics,155.0
2023-12-17,Dammam,Electronics,154.0
2023-12-18,Dammam,Electronics,92.0
2023-12-19,Dammam,Electronics,65.0
2023-12-20,Dammam,Electronics,106.0
2023-12-21,Dammam,Electronics,75.0
2023-12-22,Dammam,Electronics,77.0
2023-12-23,Dammam,Electronics,140.0
2023-12-24,Dammam,Electronics,121.0
2023-12-25,Dammam,Electronics,104.0
2023-12-26,Dammam,Electronics,117.0
2023-12-27,Dammam,Electronics,78.0
2023-12-28,Dammam,Electronics,84.0
2023-12-29,Dammam,Electronics,126.0
2023-12-30,Dammam,Electronics,127.0
2023-12-31,Dammam,Electronics,143.0
2024-01-01,Dammam,Electronics,105.0
2024-01-02,Dammam,Electronics,83.0
2024-01-03,Dammam,Electronics,98.0
2024-01-04,Dammam,Electronics,81.0
2024-01-05,Dammam,Electronics,125.0
2024-01-06,Dammam,Electronics,170.0
2024-01-07,Dammam,Electronics,152.0
2024-01-08,Dammam,Electronics,83.0
2024-01-09,Dammam,Electronics,85.0
2024-01-10,Dammam,Electronics,120.0
2024-01-11,Dammam,Electronics,128.0
2024-01-12,Dammam,Electronics,130.0
2024-01-13,Dammam,Electronics,166.0
2024-01-14,Dammam,Electronics,172.0
2024-01-15,Dammam,Electronics,143.0
2024-01-16,Dammam,Electronics,154.0
2024-01-17,Dammam,Electronics,131.0
2024-01-18,Dammam,Electronics,136.0
2024-01-19,Dammam,Electronics,106.0
2024-01-20,Dammam,Electronics,165.0
2024-01-21,Dammam,Electronics,174.0
2024-01-22,Dammam,Electronics,97.0
2024-01-23,Dammam,Electronics,99.0
2024-01-24,Dammam,Electronics,98.0
2024-01-25,Dammam,Electronics,96.0
2024-01-26,Dammam,Electronics,124.0
2024-01-27,Dammam,Electronics,230.0
2024-01-28,Dammam,Electronics,152.0
2024-01-29,Dammam,Electronics,91.0
2024-01-30,Dammam,Electronics,138.0
2024-01-31,Dammam,Electronics,82.0
2024-02-01,Dammam,Electronics,125.0
2024-02-02,Dammam,Electronics,141.0
2024-02-03,Dammam,Electronics,190.0
2024-02-04,Dammam,Electronics,191.0
2024-02-05,Dammam,Electronics,131.0
2024-02-06,Dammam,Electronics,111.0
2024-02-07,Dammam,Electronics,139.0
2024-02-08,Dammam,Electronics,122.0
2024-02-09,Dammam,Electronics,143.0
2024-02-10,Dammam,Electronics,168.0
2024-02-11,Dammam,Electronics,201.0
2024-02-12,Dammam,Electronics,112.0
2024-02-13,Dammam,Electronics,136.0
2024-02-14,Dammam,Electronics,133.0
2024-02-15,Dammam,Electronics,143.0
2024-02-16,Dammam,Electronics,136.0
2024-02-17,Dammam,Electronics,206.0
2024-02-18,Dammam,Electronics,189.0
2024-02-19,Dammam,Electronics,117.0
2024-02-20,Dammam,Electronics,95.0
2024-02-21,Dammam,Electronics,124.0
2024-02-22,Dammam,Electronics,106.0
2024-02-23,Dammam,Electronics,137.0
2024-02-24,Dammam,Electronics,238.0
2024-02-25,Dammam,Electronics,208.0
2024-02-26,Dammam,Electronics,122.0
2024-02-27,Dammam,Electronics,116.0
2024-02-28,Dammam,Electronics,115.0
2024-02-29,Dammam,Electronics,112.0
2024-03-01,Dammam,Electronics,146.0
2024-03-02,Dammam,Electronics,213.0
2024-03-03,Dammam,Electronics,209.0
2024-03-04,Dammam,Electronics,117.0
2024-03-05,Dammam,Electronics,109.0
2024-03-06,Dammam,Electronics,109.0
2024-03-07,Dammam,Electronics,122.0
2024-03-08,Dammam,Electronics,148.0
2024-03-09,Dammam,Electronics,216.0
2024-03-10,Dammam,Electronics,220.0
2024-03-11,Dammam,Electronics,120.0
2024-03-12,Dammam,Electronics,94.0
2024-03-13,Dammam,Electronics,118.0
2024-03-14,Dammam,Electronics,129.0
2024-03-15,Dammam,Electronics,97.0
2024-03-16,Dammam,Electronics,250.0
2024-03-17,Dammam,Electronics,291.0
2024-03-18,Dammam,Electronics,135.0
2024-03-19,Dammam,Electronics,114.0
2024-03-20,Dammam,Electronics,120.0
2024-03-21,Dammam,Electronics,128.0
2024-03-22,Dammam,Electronics,134.0
2024-03-23,Dammam,Electronics,180.0
2024-03-24,Dammam,Electronics,188.0
2024-03-25,Dammam,Electronics,112.0
2024-03-26,Dammam,Electronics,102.0
2024-03-27,Dammam,Electronics,152.0
2024-03-28,Dammam,Electronics,169.0
2024-03-29,Dammam,Electronics,192.0
2024-03-30,Dammam,Electronics,273.0
2024-03-31,Dammam,Electronics,255.0
2024-04-01,Dammam,Electronics,160.0
2024-04-02,Dammam,Electronics,135.0
2024-04-03,Dammam,Electronics,169.0
2024-04-04,Dammam,Electronics,133.0
2024-04-05,Dammam,Electronics,142.0
2024-04-06,Dammam,Electronics,297.0
2024-04-07,Dammam,Electronics,262.0
2024-04-08,Dammam,Electronics,195.0
2024-04-09,Dammam,Electronics,85.0
2024-04-10,Dammam,Electronics,132.0
2024-04-11,Dammam,Electronics,131.0
2024-04-12,Dammam,Electronics,110.0
2024-04-13,Dammam,Electronics,192.0
2024-04-14,Dammam,Electronics,184.0
2024-04-15,Dammam,Electronics,131.0
2024-04-16,Dammam,Electronics,104.0
2024-04-17,Dammam,Electronics,81.0
2024-04-18,Dammam,Electronics,121.0
2024-04-19,Dammam,Electronics,111.0
2024-04-20,Dammam,Electronics,161.0
2024-04-21,Dammam,Electronics,245.0
2024-04-22,Dammam,Electronics,102.0
2024-04-23,Dammam,Electronics,111.0
2024-04-24,Dammam,Electronics,116.0
2024-04-25,Dammam,Electronics,87.0
2024-04-26,Dammam,Electronics,123.0
2024-04-27,Dammam,Electronics,165.0
2024-04-28,Dammam,Electronics,146.0
2024-04-29,Dammam,Electronics,78.0
2024-04-30,Dammam,Electronics,110.0
2024-05-01,Dammam,Electronics,95.0
2024-05-02,Dammam,Electronics,114.0
2024-05-03,Dammam,Electronics,103.0
2024-05-04,Dammam,Electronics,183.0
2024-05-05,Dammam,Electronics,148.0
2024-05-06,Dammam,Electronics,120.0
2024-05-07,Dammam,Electronics,117.0
2024-05-08,Dammam,Electronics,120.0
2024-05-09,Dammam,Electronics,134.0
2024-05-10,Dammam,Electronics,146.0
2024-05-11,Dammam,Electronics,211.0
2024-05-12,Dammam,Electronics,184.0
2024-05-13,Dammam,Electronics,92.0
2024-05-14,Dammam,Electronics,83.0
2024-05-15,Dammam,Electronics,121.0
2024-05-16,Dammam,Electronics,120.0
2024-05-17,Dammam,Electronics,98.0
2024-05-18,Dammam,Electronics,209.0
2024-05-19,Dammam,Electronics,195.0
2024-05-20,Dammam,Electronics,103.0
2024-05-21,Dammam,Electronics,87.0
2024-05-22,Dammam,Electronics,116.0
2024-05-23,Dammam,Electronics,116.0
2024-05-24,Dammam,Electronics,97.0
2024-05-25,Dammam,Electronics,161.0
2024-05-26,Dammam,Electronics,207.0
2024-05-27,Dammam,Electronics,116.0
2024-05-28,Dammam,Electronics,128.0
2024-05-29,Dammam,Electronics,98.0
2024-05-30,Dammam,Electronics,96.0
2024-05-31,Dammam,Electronics,128.0
2024-06-01,Dammam,Electronics,148.0
2024-06-02,Dammam,Electronics,183.0
2024-06-03,Dammam,Electronics,92.0
2024-06-04,Dammam,Electronics,111.0
2024-06-05,Dammam,Electronics,104.0
2024-06-06,Dammam,Electronics,106.0
2024-06-07,Dammam,Electronics,103.0
2024-06-08,Dammam,Electronics,168.0
2024-06-09,Dammam,Electronics,163.0
2024-06-10,Dammam,Electronics,87.0
2024-06-11,Dammam,Electronics,84.0
2024-06-12,Dammam,Electronics,101.0
2024-06-13,Dammam,Electronics,119.0
2024-06-14,Dammam,Electronics,120.0
2024-06-15,Dammam,Electronics,118.0
2024-06-16,Dammam,Electronics,154.0
2024-06-17,Dammam,Electronics,117.0
2024-06-18,Dammam,Electronics,133.0
2024-06-19,Dammam,Electronics,122.0
2024-06-20,Dammam,Electronics,133.0
2024-06-21,Dammam,Electronics,142.0
2024-06-22,Dammam,Electronics,178.0
2024-06-23,Dammam,Electronics,148.0
2024-06-24,Dammam,Electronics,96.0
2024-06-25,Dammam,Electronics,96.0
2024-06-26,Dammam,Electronics,119.0
2024-06-27,Dammam,Electronics,130.0
2024-06-28,Dammam,Electronics,137.0
2024-06-29,Dammam,Electronics,148.0
2024-06-30,Dammam,Electronics,141.0
2024-07-01,Dammam,Electronics,91.0
2024-07-02,Dammam,Electronics,94.0
2024-07-03,Dammam,Electronics,99.0
2024-07-04,Dammam,Electronics,98.0
2024-07-05,Dammam,Electronics,94.0
2024-07-06,Dammam,Electronics,176.0
2024-07-07,Dammam,Electronics,162.0
2024-07-08,Dammam,Electronics,98.0
2024-07-09,Dammam,Electronics,110.0
2024-07-10,Dammam,Electronics,112.0
2024-07-11,Dammam,Electronics,87.0
2024-07-12,Dammam,Electronics,111.0
2024-07-13,Dammam,Electronics,179.0
2024-07-14,Dammam,Electronics,167.0
2024-07-15,Dammam,Electronics,106.0
2024-07-16,Dammam,Electronics,74.0
2024-07-17,Dammam,Electronics,93.0
2024-07-18,Dammam,Electronics,102.0
2024-07-19,Dammam,Electronics,88.0
2024-07-20,Dammam,Electronics,164.0
2024-07-21,Dammam,Electronics,187.0
2024-07-22,Dammam,Electronics,132.0
2024-07-23,Dammam,Electronics,113.0
2024-07-24,Dammam,Electronics,136.0
2024-07-25,Dammam,Electronics,96.0
2024-07-26,Dammam,Electronics,101.0
2024-07-27,Dammam,Electronics,178.0
2024-07-28,Dammam,Electronics,161.0
2024-07-29,Dammam,Electronics,95.0
2024-07-30,Dammam,Electronics,100.0
2024-07-31,Dammam,Electronics,135.0
2024-08-01,Dammam,Electronics,124.0
2024-08-02,Dammam,Electronics,103.0
2024-08-03,Dammam,Electronics,121.0
2024-08-04,Dammam,Electronics,130.0
2024-08-05,Dammam,Electronics,95.0
2024-08-06,Dammam,Electronics,94.0
2024-08-07,Dammam,Electronics,94.0
2024-08-08,Dammam,Electronics,104.0
2024-08-09,Dammam,Electronics,118.0
2024-08-10,Dammam,Electronics,180.0
2024-08-11,Dammam,Electronics,177.0
2024-08-12,Dammam,Electronics,69.0
2024-08-13,Dammam,Electronics,99.0
2024-08-14,Dammam,Electronics,88.0
2024-08-15,Dammam,Electronics,93.0
2024-08-16,Dammam,Electronics,73.0
2024-08-17,Dammam,Electronics,156.0
2024-08-18,Dammam,Electronics,130.0
2024-08-19,Dammam,Electronics,89.0
2024-08-20,Dammam,Electronics,94.0
2024-08-21,Dammam,Electronics,86.0
2024-08-22,Dammam,Electronics,90.0
2024-08-23,Dammam,Electronics,96.0
2024-08-24,Dammam,Electronics,173.0
2024-08-25,Dammam,Electronics,146.0
2024-08-26,Dammam,Electronics,70.0
2024-08-27,Dammam,Electronics,116.0
2024-08-28,Dammam,Electronics,106.0
2024-08-29,Dammam,Electronics,121.0
2024-08-30,Dammam,Electronics,99.0
2024-08-31,Dammam,Electronics,163.0
2024-09-01,Dammam,Electronics,157.0
2024-09-02,Dammam,Electronics,95.0
2024-09-03,Dammam,Electronics,111.0
2024-09-04,Dammam,Electronics,104.0
2024-09-05,Dammam,Electronics,89.0
2024-09-06,Dammam,Electronics,72.0
2024-09-07,Dammam,Electronics,178.0
2024-09-08,Dammam,Electronics,120.0
2024-09-09,Dammam,Electronics,77.0
2024-09-10,Dammam,Electronics,94.0
2024-09-11,Dammam,Electronics,75.0
2024-09-12,Dammam,Electronics,97.0
2024-09-13,Dammam,Electronics,105.0
2024-09-14,Dammam,Electronics,145.0
2024-09-15,Dammam,Electronics,116.0
2024-09-16,Dammam,Electronics,77.0
2024-09-17,Dammam,Electronics,77.0
2024-09-18,Dammam,Electronics,99.0
2024-09-19,Dammam,Electronics,108.0
2024-09-20,Dammam,Electronics,127.0
2024-09-21,Dammam,Electronics,112.0
2024-09-22,Dammam,Electronics,171.0
2024-09-23,Dammam,Electronics,67.0
2024-09-24,Dammam,Electronics,104.0
2024-09-25,Dammam,Electronics,91.0
2024-09-26,Dammam,Electronics,80.0
2024-09-27,Dammam,Electronics,94.0
2024-09-28,Dammam,Electronics,141.0
2024-09-29,Dammam,Electronics,127.0
2024-09-30,Dammam,Electronics,73.0
2024-10-01,Dammam,Electronics,73.0
2024-10-02,Dammam,Electronics,105.0
2024-10-03,Dammam,Electronics,96.0
2024-10-04,Dammam,Electronics,89.0
2024-10-05,Dammam,Electronics,133.0
2024-10-06,Dammam,Electronics,120.0
2024-10-07,Dammam,Electronics,84.0
2024-10-08,Dammam,Electronics,104.0
2024-10-09,Dammam,Electronics,77.0
2024-10-10,Dammam,Electronics,94.0
2024-10-11,Dammam,Electronics,92.0
2024-10-12,Dammam,Electronics,147.0
2024-10-13,Dammam,Electronics,121.0
2024-10-14,Dammam,Electronics,79.0
2024-10-15,Dammam,Electronics,89.0
2024-10-16,Dammam,Electronics,94.0
2024-10-17,Dammam,Electronics,76.0
2024-10-18,Dammam,Electronics,83.0
2024-10-19,Dammam,Electronics,129.0
2024-10-20,Dammam,Electronics,129.0
2024-10-21,Dammam,Electronics,77.0
2024-10-22,Dammam,Electronics,92.0
2024-10-23,Dammam,Electronics,101.0
2024-10-24,Dammam,Electronics,84.0
2024-10-25,Dammam,Electronics,91.0
2024-10-26,Dammam,Electronics,147.0
2024-10-27,Dammam,Electronics,154.0
2024-10-28,Dammam,Electronics,83.0
2024-10-29,Dammam,Electronics,57.0
2024-10-30,Dammam,Electronics,79.0
2024-10-31,Dammam,Electronics,86.0
2024-11-01,Dammam,Electronics,98.0
2024-11-02,Dammam,Electronics,159.0
2024-11-03,Dammam,Electronics,150.0
2024-11-04,Dammam,Electronics,114.0
2024-11-05,Dammam,Electronics,93.0
2024-11-06,Dammam,Electronics,75.0
2024-11-07,Dammam,Electronics,105.0
2024-11-08,Dammam,Electronics,129.0
2024-11-09,Dammam,Electronics,129.0
2024-11-10,Dammam,Electronics,110.0
2024-11-11,Dammam,Electronics,116.0
2024-11-12,Dammam,Electronics,75.0
2024-11-13,Dammam,Electronics,81.0
2024-11-14,Dammam,Electronics,88.0
2024-11-15,Dammam,Electronics,61.0
2024-11-16,Dammam,Electronics,120.0
2024-11-17,Dammam,Electronics,141.0
2024-11-18,Dammam,Electronics,80.0
2024-11-19,Dammam,Electronics,76.0
2024-11-20,Dammam,Electronics,68.0
2024-11-21,Dammam,Electronics,76.0
2024-11-22,Dammam,Electronics,103.0
2024-11-23,Dammam,Electronics,152.0
2024-11-24,Dammam,Electronics,142.0
2024-11-25,Dammam,Electronics,87.0
2024-11-26,Dammam,Electronics,79.0
2024-11-27,Dammam,Electronics,91.0
2024-11-28,Dammam,Electronics,80.0
2024-11-29,Dammam,Electronics,96.0
2024-11-30,Dammam,Electronics,167.0
2024-12-01,Dammam,Electronics,112.0
2024-12-02,Dammam,Electronics,82.0
2024-12-03,Dammam,Electronics,94.0
2024-12-04,Dammam,Electronics,94.0
2024-12-05,Dammam,Electronics,91.0
2024-12-06,Dammam,Electronics,95.0
2024-12-07,Dammam,Electronics,160.0
2024-12-08,Dammam,Electronics,122.0
2024-12-09,Dammam,Electronics,97.0
2024-12-10,Dammam,Electronics,103.0
2024-12-11,Dammam,Electronics,112.0
2024-12-12,Dammam,Electronics,117.0
2024-12-13,Dammam,Electronics,109.0
2024-12-14,Dammam,Electronics,196.0
2024-12-15,Dammam,Electronics,175.0
2024-12-16,Dammam,Electronics,111.0
2024-12-17,Dammam,Electronics,144.0
2024-12-18,Dammam,Electronics,96.0
2024-12-19,Dammam,Electronics,91.0
2024-12-20,Dammam,Electronics,133.0
2024-12-21,Dammam,Electronics,161.0
2024-12-22,Dammam,Electronics,146.0
2024-12-23,Dammam,Electronics,99.0
2024-12-24,Dammam,Electronics,103.0
2024-12-25,Dammam,Electronics,118.0
2024-12-26,Dammam,Electronics,102.0
2024-12-27,Dammam,Electronics,101.0
2024-12-28,Dammam,Electronics,153.0
2024-12-29,Dammam,Electronics,178.0
2024-12-30,Dammam,Electronics,120.0
2024-12-31,Dammam,Electronics,132.0
2025-01-01,Dammam,Electronics,114.0
2025-01-02,Dammam,Electronics,99.0
2025-01-03,Dammam,Electronics,106.0
2025-01-04,Dammam,Electronics,177.0
2025-01-05,Dammam,Electronics,192.0
2025-01-06,Dammam,Electronics,106.0
2025-01-07,Dammam,Electronics,116.0
2025-01-08,Dammam,Electronics,96.0
2025-01-09,Dammam,Electronics,119.0
2025-01-10,Dammam,Electronics,157.0
2025-01-11,Dammam,Electronics,178.0
2025-01-12,Dammam,Electronics,182.0
2025-01-13,Dammam,Electronics,133.0
2025-01-14,Dammam,Electronics,125.0
2025-01-15,Dammam,Electronics,138.0
2025-01-16,Dammam,Electronics,128.0
2025-01-17,Dammam,Electronics,93.0
2025-01-18,Dammam,Electronics,222.0
2025-01-19,Dammam,Electronics,172.0
2025-01-20,Dammam,Electronics,137.0
2025-01-21,Dammam,Electronics,170.0
2025-01-22,Dammam,Electronics,131.0
2025-01-23,Dammam,Electronics,147.0
2025-01-24,Dammam,Electronics,116.0
2025-01-25,Dammam,Electronics,244.0
2025-01-26,Dammam,Electronics,201.0
2025-01-27,Dammam,Electronics,97.0
2025-01-28,Dammam,Electronics,130.0
2025-01-29,Dammam,Electronics,128.0
2025-01-30,Dammam,Electronics,98.0
2025-01-31,Dammam,Electronics,150.0
2025-02-01,Dammam,Electronics,233.0
2025-02-02,Dammam,Electronics,188.0
2025-02-03,Dammam,Electronics,113.0
2025-02-04,Dammam,Electronics,153.0
2025-02-05,Dammam,Electronics,96.0
2025-02-06,Dammam,Electronics,231.0
2025-02-07,Dammam,Electronics,170.0
2025-02-08,Dammam,Electronics,268.0
2025-02-09,Dammam,Electronics,200.0
2025-02-10,Dammam,Electronics,131.0
2025-02-11,Dammam,Electronics,162.0
2025-02-12,Dammam,Electronics,131.0
2025-02-13,Dammam,Electronics,134.0
2025-02-14,Dammam,Electronics,154.0
2025-02-15,Dammam,Electronics,195.0
2025-02-16,Dammam,Electronics,165.0
2025-02-17,Dammam,Electronics,119.0
2025-02-18,Dammam,Electronics,122.0
2025-02-19,Dammam,Electronics,138.0
2025-02-20,Dammam,Electronics,132.0
2025-02-21,Dammam,Electronics,165.0
2025-02-22,Dammam,Electronics,265.0
2025-02-23,Dammam,Electronics,222.0
2025-02-24,Dammam,Electronics,98.0
2025-02-25,Dammam,Electronics,125.0
2025-02-26,Dammam,Electronics,115.0
2025-02-27,Dammam,Electronics,134.0
2025-02-28,Dammam,Electronics,157.0
2025-03-01,Dammam,Electronics,198.0
2025-03-02,Dammam,Electronics,260.0
2025-03-03,Dammam,Electronics,121.0
2025-03-04,Dammam,Electronics,123.0
2025-03-05,Dammam,Electronics,103.0
2025-03-06,Dammam,Electronics,138.0
2025-03-07,Dammam,Electronics,155.0
2025-03-08,Dammam,Electronics,235.0
2025-03-09,Dammam,Electronics,251.0
2025-03-10,Dammam,Electronics,125.0
2025-03-11,Dammam,Electronics,128.0
2025-03-12,Dammam,Electronics,149.0
2025-03-13,Dammam,Electronics,154.0
2025-03-14,Dammam,Electronics,161.0
2025-03-15,Dammam,Electronics,219.0
2025-03-16,Dammam,Electronics,292.0
2025-03-17,Dammam,Electronics,151.0
2025-03-18,Dammam,Electronics,183.0
2025-03-19,Dammam,Electronics,202.0
2025-03-20,Dammam,Electronics,156.0
2025-03-21,Dammam,Electronics,222.0
2025-03-22,Dammam,Electronics,374.0
2025-03-23,Dammam,Electronics,271.0
2025-03-24,Dammam,Electronics,151.0
2025-03-25,Dammam,Electronics,152.0
2025-03-26,Dammam,Electronics,219.0
2025-03-27,Dammam,Electronics,227.0
2025-03-28,Dammam,Electronics,239.0
2025-03-29,Dammam,Electronics,226.0
2025-03-30,Dammam,Electronics,281.0
2025-03-31,Dammam,Electronics,147.0
2025-04-01,Dammam,Electronics,118.0
2025-04-02,Dammam,Electronics,171.0
2025-04-03,Dammam,Electronics,140.0
2025-04-04,Dammam,Electronics,163.0
2025-04-05,Dammam,Electronics,205.0
2025-04-06,Dammam,Electronics,226.0
2025-04-07,Dammam,Electronics,117.0
2025-04-08,Dammam,Electronics,116.0
2025-04-09,Dammam,Electronics,127.0
2025-04-10,Dammam,Electronics,130.0
2025-04-11,Dammam,Electronics,286.0
2025-04-12,Dammam,Electronics,396.0
2025-04-13,Dammam,Electronics,345.0
2025-04-14,Dammam,Electronics,117.0
2025-04-15,Dammam,Electronics,112.0
2025-04-16,Dammam,Electronics,182.0
2025-04-17,Dammam,Electronics,141.0
2025-04-18,Dammam,Electronics,176.0
2025-04-19,Dammam,Electronics,185.0
2025-04-20,Dammam,Electronics,166.0
2025-04-21,Dammam,Electronics,122.0
2025-04-22,Dammam,Electronics,117.0
2025-04-23,Dammam,Electronics,130.0
2025-04-24,Dammam,Electronics,131.0
2025-04-25,Dammam,Electronics,187.0
2025-04-26,Dammam,Electronics,180.0
2025-04-27,Dammam,Electronics,273.0
2025-04-28,Dammam,Electronics,149.0
2025-04-29,Dammam,Electronics,124.0
2025-04-30,Dammam,Electronics,134.0
2025-05-01,Dammam,Electronics,148.0
2025-05-02,Dammam,Electronics,125.0
2025-05-03,Dammam,Electronics,205.0
2025-05-04,Dammam,Electronics,203.0
2025-05-05,Dammam,Electronics,127.0
2025-05-06,Dammam,Electronics,191.0
2025-05-07,Dammam,Electronics,165.0
2025-05-08,Dammam,Electronics,149.0
2025-05-09,Dammam,Electronics,162.0
2025-05-10,Dammam,Electronics,237.0
2025-05-11,Dammam,Electronics,201.0
2025-05-12,Dammam,Electronics,90.0
2025-05-13,Dammam,Electronics,127.0
2025-05-14,Dammam,Electronics,119.0
2025-05-15,Dammam,Electronics,106.0
2025-05-16,Dammam,Electronics,147.0
2025-05-17,Dammam,Electronics,163.0
2025-05-18,Dammam,Electronics,182.0
2025-05-19,Dammam,Electronics,115.0
2025-05-20,Dammam,Electronics,95.0
2025-05-21,Dammam,Electronics,124.0
2025-05-22,Dammam,Electronics,121.0
2025-05-23,Dammam,Electronics,131.0
2025-05-24,Dammam,Electronics,187.0
2025-05-25,Dammam,Electronics,165.0
2025-05-26,Dammam,Electronics,98.0
2025-05-27,Dammam,Electronics,116.0
2025-05-28,Dammam,Electronics,130.0
2025-05-29,Dammam,Electronics,111.0
2025-05-30,Dammam,Electronics,110.0
2025-05-31,Dammam,Electronics,179.0
2025-06-01,Dammam,Electronics,185.0
2025-06-02,Dammam,Electronics,111.0
2025-06-03,Dammam,Electronics,119.0
2025-06-04,Dammam,Electronics,136.0
2025-06-05,Dammam,Electronics,91.0
2025-06-06,Dammam,Electronics,133.0
2025-06-07,Dammam,Electronics,198.0
2025-06-08,Dammam,Electronics,131.0
2025-06-09,Dammam,Electronics,126.0
2025-06-10,Dammam,Electronics,115.0
2025-06-11,Dammam,Electronics,102.0
2025-06-12,Dammam,Electronics,128.0
2025-06-13,Dammam,Electronics,66.0
2025-06-14,Dammam,Electronics,187.0
2025-06-15,Dammam,Electronics,143.0
2025-06-16,Dammam,Electronics,129.0
2025-06-17,Dammam,Electronics,98.0
2025-06-18,Dammam,Electronics,102.0
2025-06-19,Dammam,Electronics,108.0
2025-06-20,Dammam,Electronics,111.0
2025-06-21,Dammam,Electronics,152.0
2025-06-22,Dammam,Electronics,157.0
2025-06-23,Dammam,Electronics,108.0
2025-06-24,Dammam,Electronics,91.0
2025-06-25,Dammam,Electronics,132.0
2025-06-26,Dammam,Electronics,108.0
2025-06-27,Dammam,Electronics,154.0
2025-06-28,Dammam,Electronics,192.0
2025-06-29,Dammam,Electronics,189.0
2025-06-30,Dammam,Electronics,106.0
2025-07-01,Dammam,Electronics,89.0
2025-07-02,Dammam,Electronics,118.0
2025-07-03,Dammam,Electronics,101.0
2025-07-04,Dammam,Electronics,136.0
2025-07-05,Dammam,Electronics,167.0
2025-07-06,Dammam,Electronics,230.0
2025-07-07,Dammam,Electronics,102.0
2025-07-08,Dammam,Electronics,101.0
2025-07-09,Dammam,Electronics,95.0
2025-07-10,Dammam,Electronics,102.0
2025-07-11,Dammam,Electronics,164.0
2025-07-12,Dammam,Electronics,198.0
2025-07-13,Dammam,Electronics,148.0
2025-07-14,Dammam,Electronics,108.0
2025-07-15,Dammam,Electronics,118.0
2025-07-16,Dammam,Electronics,105.0
2025-07-17,Dammam,Electronics,88.0
2025-07-18,Dammam,Electronics,142.0
2025-07-19,Dammam,Electronics,198.0
2025-07-20,Dammam,Electronics,166.0
2025-07-21,Dammam,Electronics,109.0
2025-07-22,Dammam,Electronics,116.0
2025-07-23,Dammam,Electronics,116.0
2025-07-24,Dammam,Electronics,108.0
2025-07-25,Dammam,Electronics,127.0
2025-07-26,Dammam,Electronics,189.0
2025-07-27,Dammam,Electronics,191.0
2025-07-28,Dammam,Electronics,101.0
2025-07-29,Dammam,Electronics,106.0
2025-07-30,Dammam,Electronics,116.0
2025-07-31,Dammam,Electronics,95.0
2025-08-01,Dammam,Electronics,118.0
2025-08-02,Dammam,Electronics,149.0
2025-08-03,Dammam,Electronics,173.0
2025-08-04,Dammam,Electronics,109.0
2025-08-05,Dammam,Electronics,116.0
2025-08-06,Dammam,Electronics,134.0
2025-08-07,Dammam,Electronics,145.0
2025-08-08,Dammam,Electronics,119.0
2025-08-09,Dammam,Electronics,205.0
2025-08-10,Dammam,Electronics,235.0
2025-08-11,Dammam,Electronics,128.0
2025-08-12,Dammam,Electronics,115.0
2025-08-13,Dammam,Electronics,134.0
2025-08-14,Dammam,Electronics,119.0
2025-08-15,Dammam,Electronics,194.0
2025-08-16,Dammam,Electronics,233.0
2025-08-17,Dammam,Electronics,216.0
2025-08-18,Dammam,Electronics,112.0
2025-08-19,Dammam,Electronics,109.0
2025-08-20,Dammam,Electronics,97.0
2025-08-21,Dammam,Electronics,100.0
2025-08-22,Dammam,Electronics,106.0
2025-08-23,Dammam,Electronics,163.0
2025-08-24,Dammam,Electronics,178.0
2025-08-25,Dammam,Electronics,122.0
2025-08-26,Dammam,Electronics,94.0
2025-08-27,Dammam,Electronics,111.0
2025-08-28,Dammam,Electronics,98.0
2025-08-29,Dammam,Electronics,110.0
2025-08-30,Dammam,Electronics,155.0
2025-08-31,Dammam,Electronics,164.0
2025-09-01,Dammam,Electronics,119.0
2025-09-02,Dammam,Electronics,130.0
2025-09-03,Dammam,Electronics,108.0
2025-09-04,Dammam,Electronics,85.0
2025-09-05,Dammam,Electronics,112.0
2025-09-06,Dammam,Electronics,174.0
2025-09-07,Dammam,Electronics,136.0
2025-09-08,Dammam,Electronics,84.0
2025-09-09,Dammam,Electronics,115.0
2025-09-10,Dammam,Electronics,95.0
2025-09-11,Dammam,Electronics,86.0
2025-09-12,Dammam,Electronics,154.0
2025-09-13,Dammam,Electronics,142.0
2025-09-14,Dammam,Electronics,143.0
2025-09-15,Dammam,Electronics,72.0
2025-09-16,Dammam,Electronics,89.0
2025-09-17,Dammam,Electronics,108.0
2025-09-18,Dammam,Electronics,89.0
2025-09-19,Dammam,Electronics,104.0
2025-09-20,Dammam,Electronics,176.0
2025-09-21,Dammam,Electronics,153.0
2025-09-22,Dammam,Electronics,84.0
2025-09-23,Dammam,Electronics,83.0
2025-09-24,Dammam,Electronics,102.0
2025-09-25,Dammam,Electronics,97.0
2025-09-26,Dammam,Electronics,125.0
2025-09-27,Dammam,Electronics,167.0
2025-09-28,Dammam,Electronics,152.0
2025-09-29,Dammam,Electronics,93.0
2025-09-30,Dammam,Electronics,88.0
2025-10-01,Dammam,Electronics,102.0
2025-10-02,Dammam,Electronics,93.0
2025-10-03,Dammam,Electronics,117.0
2025-10-04,Dammam,Electronics,177.0
2025-10-05,Dammam,Electronics,125.0
2025-10-06,Dammam,Electronics,85.0
2025-10-07,Dammam,Electronics,95.0
2025-10-08,Dammam,Electronics,97.0
2025-10-09,Dammam,Electronics,69.0
2025-10-10,Dammam,Electronics,109.0
2025-10-11,Dammam,Electronics,178.0
2025-10-12,Dammam,Electronics,167.0
2025-10-13,Dammam,Electronics,90.0
2025-10-14,Dammam,Electronics,94.0
2025-10-15,Dammam,Electronics,95.0
2025-10-16,Dammam,Electronics,112.0
2025-10-17,Dammam,Electronics,144.0
2025-10-18,Dammam,Electronics,158.0
2025-10-19,Dammam,Electronics,168.0
2025-10-20,Dammam,Electronics,111.0
2025-10-21,Dammam,Electronics,106.0
2025-10-22,Dammam,Electronics,96.0
2025-10-23,Dammam,Electronics,86.0
2025-10-24,Dammam,Electronics,125.0
2025-10-25,Dammam,Electronics,190.0
2025-10-26,Dammam,Electronics,172.0
2025-10-27,Dammam,Electronics,89.0
2025-10-28,Dammam,Electronics,93.0
2025-10-29,Dammam,Electronics,65.0
2025-10-30,Dammam,Electronics,98.0
2025-10-31,Dammam,Electronics,83.0
2025-11-01,Dammam,Electronics,163.0
2025-11-02,Dammam,Electronics,130.0
2025-11-03,Dammam,Electronics,99.0
2025-11-04,Dammam,Electronics,68.0
2025-11-05,Dammam,Electronics,100.0
2025-11-06,Dammam,Electronics,119.0
2025-11-07,Dammam,Electronics,107.0
2025-11-08,Dammam,Electronics,155.0
2025-11-09,Dammam,Electronics,152.0
2025-11-10,Dammam,Electronics,111.0
2025-11-11,Dammam,Electronics,95.0
2025-11-12,Dammam,Electronics,86.0
2025-11-13,Dammam,Electronics,78.0
2025-11-14,Dammam,Electronics,100.0
2025-11-15,Dammam,Electronics,179.0
2025-11-16,Dammam,Electronics,196.0
2025-11-17,Dammam,Electronics,98.0
2025-11-18,Dammam,Electronics,100.0
2025-11-19,Dammam,Electronics,86.0
2025-11-20,Dammam,Electronics,94.0
2025-11-21,Dammam,Electronics,124.0
2025-11-22,Dammam,Electronics,210.0
2025-11-23,Dammam,Electronics,160.0
2025-11-24,Dammam,Electronics,81.0
2025-11-25,Dammam,Electronics,106.0
2025-11-26,Dammam,Electronics,97.0
2025-11-27,Dammam,Electronics,107.0
2025-11-28,Dammam,Electronics,72.0
2025-11-29,Dammam,Electronics,201.0
2025-11-30,Dammam,Electronics,146.0
2025-12-01,Dammam,Electronics,79.0
2025-12-02,Dammam,Electronics,82.0
2025-12-03,Dammam,Electronics,138.0
2025-12-04,Dammam,Electronics,107.0
2025-12-05,Dammam,Electronics,100.0
2025-12-06,Dammam,Electronics,180.0
2025-12-07,Dammam,Electronics,156.0
2025-12-08,Dammam,Electronics,81.0
2025-12-09,Dammam,Electronics,140.0
2025-12-10,Dammam,Electronics,109.0
2025-12-11,Dammam,Electronics,98.0
2025-12-12,Dammam,Electronics,102.0
2025-12-13,Dammam,Electronics,207.0
2025-12-14,Dammam,Electronics,149.0
2025-12-15,Dammam,Electronics,94.0
2025-12-16,Dammam,Electronics,102.0
2025-12-17,Dammam,Electronics,108.0
2025-12-18,Dammam,Electronics,127.0
2025-12-19,Dammam,Electronics,140.0
2025-12-20,Dammam,Electronics,213.0
2025-12-21,Dammam,Electronics,179.0
2025-12-22,Dammam,Electronics,87.0
2025-12-23,Dammam,Electronics,122.0
2025-12-24,Dammam,Electronics,81.0
2025-12-25,Dammam,Electronics,121.0
2025-12-26,Dammam,Electronics,108.0
2025-12-27,Dammam,Electronics,254.0
2025-12-28,Dammam,Electronics,204.0
2025-12-29,Dammam,Electronics,125.0
2025-12-30,Dammam,Electronics,113.0
2025-12-31,Dammam,Electronics,127.0
